{
  "task": "task1",
  "model": "CN",
  "setting": "cold_disease",
  "seed": 42,
  "model_type": "structural",
  "elapsed_sec": 0.9,
  "num_train": 129139,
  "num_test_eval": 1928,
  "num_test_oov": 48,
  "early_stopping": null,
  "ranking": {
    "tail": {
      "micro": {
        "mrr": 0.005696110135397931,
        "mean_rank": 242.9740663900415,
        "n": 1928,
        "hits_at_1": 0.0,
        "hits_at_3": 0.0,
        "hits_at_5": 0.0005186721991701245,
        "hits_at_10": 0.0015560165975103733,
        "hits_at_20": 0.006742738589211619
      },
      "macro": {
        "mrr": 0.004983088117259129,
        "n_groups": 1108,
        "hits_at_1": 0.0,
        "hits_at_3": 0.0,
        "hits_at_5": 0.0009025270758122744,
        "hits_at_10": 0.002256317689530686,
        "hits_at_20": 0.004666638015013467
      },
      "micro_minus_macro_gap": {
        "mrr": 0.0007130220181388019,
        "hits_at_1": 0.0,
        "hits_at_3": 0.0,
        "hits_at_5": -0.0003838548766421499,
        "hits_at_10": -0.0007003010920203126,
        "hits_at_20": 0.0020761005741981517
      }
    },
    "head": {
      "micro": {
        "mrr": 0.0021861246822750227,
        "mean_rank": 3817.0111514522823,
        "n": 1928,
        "hits_at_1": 0.0,
        "hits_at_3": 0.0015560165975103733,
        "hits_at_5": 0.0031120331950207467,
        "hits_at_10": 0.0036307053941908715,
        "hits_at_20": 0.005186721991701245
      },
      "macro": {
        "mrr": 0.003579755779213982,
        "n_groups": 20,
        "hits_at_1": 0.0,
        "hits_at_3": 0.0006329113924050633,
        "hits_at_5": 0.0034631000716503465,
        "hits_at_10": 0.005844052452602727,
        "hits_at_20": 0.022213100071650345
      },
      "micro_minus_macro_gap": {
        "mrr": -0.0013936310969389592,
        "hits_at_1": 0.0,
        "hits_at_3": 0.00092310520510531,
        "hits_at_5": -0.0003510668766295998,
        "hits_at_10": -0.0022133470584118553,
        "hits_at_20": -0.0170263780799491
      }
    },
    "both": {
      "micro": {
        "mrr": 0.003941117408836477,
        "mean_rank": 2029.9926089211617,
        "n": 3856,
        "hits_at_1": 0.0,
        "hits_at_3": 0.0007780082987551867,
        "hits_at_5": 0.0018153526970954357,
        "hits_at_10": 0.0025933609958506223,
        "hits_at_20": 0.005964730290456431
      },
      "macro": {
        "mrr": 0.004958206338215775,
        "n_groups": 1128,
        "hits_at_1": 0.0,
        "hits_at_3": 1.1221833198671334e-05,
        "hits_at_5": 0.0009479273062349353,
        "hits_at_10": 0.002319930008024871,
        "hits_at_20": 0.00497774549828717
      },
      "micro_minus_macro_gap": {
        "mrr": -0.0010170889293792985,
        "hits_at_1": 0.0,
        "hits_at_3": 0.0007667864655565153,
        "hits_at_5": 0.0008674253908605004,
        "hits_at_10": 0.00027343098782575117,
        "hits_at_20": 0.0009869847921692614
      }
    },
    "both_mrr_ci95": [
      0.0034928851201012382,
      0.0044402372247584546
    ],
    "protocol": "full ranking over same-type candidate pool, filtered (train+valid+test), realistic rank; tail grouped by head, head grouped by tail",
    "both_mean_reciprocal_rank": 0.003941117408836477,
    "both_hits_at_1": 0.0,
    "both_hits_at_3": 0.0007780082987551867,
    "both_hits_at_5": 0.0018153526970954357,
    "both_hits_at_10": 0.0025933609958506223,
    "both_hits_at_20": 0.005964730290456431
  },
  "hardneg_auroc": {
    "num_pos": 1928,
    "num_neg": 78,
    "prevalence_floor": 0.9611166500498505,
    "auprc": 0.9595172952004041,
    "auprc_ci95": [
      0.9565305257444328,
      0.9625005533192952
    ],
    "auprc_over_floor": 0.9983359409605864,
    "auroc": 0.48144416959250985,
    "auroc_ci95": [
      0.44184412902968406,
      0.5184513478827535
    ],
    "auroc_floor": 0.5,
    "fpr_at_median_pos": 1.0
  },
  "stratified_note": "recompute offline from raw dump + *_proximity.tsv (aggregate.py)"
}