{
  "task": "task1",
  "model": "CN",
  "setting": "cold_microbe",
  "seed": 42,
  "model_type": "structural",
  "elapsed_sec": 0.5,
  "num_train": 127386,
  "num_test_eval": 2687,
  "num_test_oov": 168,
  "early_stopping": null,
  "ranking": {
    "tail": {
      "micro": {
        "mrr": 0.07365828039696738,
        "mean_rank": 141.6043915147004,
        "n": 2687,
        "hits_at_1": 0.01972459992556755,
        "hits_at_3": 0.06401190919240789,
        "hits_at_5": 0.09341272794938593,
        "hits_at_10": 0.16933382954968365,
        "hits_at_20": 0.2620022329735765
      },
      "macro": {
        "mrr": 0.07097943502450094,
        "n_groups": 324,
        "hits_at_1": 0.025447319882948814,
        "hits_at_3": 0.05814048860271552,
        "hits_at_5": 0.09130601553521901,
        "hits_at_10": 0.14670560346876604,
        "hits_at_20": 0.22674785957628335
      },
      "micro_minus_macro_gap": {
        "mrr": 0.0026788453724664457,
        "hits_at_1": -0.005722719957381266,
        "hits_at_3": 0.005871420589692367,
        "hits_at_5": 0.0021067124141669197,
        "hits_at_10": 0.022628226080917607,
        "hits_at_20": 0.03525437339729315
      }
    },
    "head": {
      "micro": {
        "mrr": 0.007138859380244482,
        "mean_rank": 3327.5072571641235,
        "n": 2687,
        "hits_at_1": 0.0003721622627465575,
        "hits_at_3": 0.00446594715295869,
        "hits_at_5": 0.008187569780424266,
        "hits_at_10": 0.016747301823595087,
        "hits_at_20": 0.0297729810197246
      },
      "macro": {
        "mrr": 0.008513388202483886,
        "n_groups": 301,
        "hits_at_1": 0.0003020235578375113,
        "hits_at_3": 0.007652978250984896,
        "hits_at_5": 0.013210032087965859,
        "hits_at_10": 0.01845818776413527,
        "hits_at_20": 0.03025404298361373
      },
      "micro_minus_macro_gap": {
        "mrr": -0.001374528822239404,
        "hits_at_1": 7.01387049090462e-05,
        "hits_at_3": -0.003187031098026206,
        "hits_at_5": -0.005022462307541593,
        "hits_at_10": -0.0017108859405401827,
        "hits_at_20": -0.0004810619638891296
      }
    },
    "both": {
      "micro": {
        "mrr": 0.04039856988860593,
        "mean_rank": 1734.555824339412,
        "n": 5374,
        "hits_at_1": 0.010048381094157052,
        "hits_at_3": 0.03423892817268329,
        "hits_at_5": 0.050800148864905095,
        "hits_at_10": 0.09304056568663938,
        "hits_at_20": 0.14588760699665054
      },
      "macro": {
        "mrr": 0.04089578687501753,
        "n_groups": 625,
        "hits_at_1": 0.01333734517277521,
        "hits_at_3": 0.03382570361732205,
        "hits_at_5": 0.05369498990702189,
        "hits_at_10": 0.08494164806541585,
        "hits_at_20": 0.13211643750525368
      },
      "micro_minus_macro_gap": {
        "mrr": -0.0004972169864116,
        "hits_at_1": -0.0032889640786181572,
        "hits_at_3": 0.00041322455536123986,
        "hits_at_5": -0.0028948410421167914,
        "hits_at_10": 0.008098917621223528,
        "hits_at_20": 0.013771169491396867
      }
    },
    "both_mrr_ci95": [
      0.036982257105831286,
      0.04395761140057767
    ],
    "protocol": "full ranking over same-type candidate pool, filtered (train+valid+test), realistic rank; tail grouped by head, head grouped by tail",
    "both_mean_reciprocal_rank": 0.04039856988860593,
    "both_hits_at_1": 0.010048381094157052,
    "both_hits_at_3": 0.03423892817268329,
    "both_hits_at_5": 0.050800148864905095,
    "both_hits_at_10": 0.09304056568663938,
    "both_hits_at_20": 0.14588760699665054
  },
  "hardneg_auroc": {
    "num_pos": 2687,
    "num_neg": 94,
    "prevalence_floor": 0.9661992089176555,
    "auprc": 0.9629266340228071,
    "auprc_ci95": [
      0.956996978329574,
      0.9683306499805221
    ],
    "auprc_over_floor": 0.9966129397906314,
    "auroc": 0.4823262516925465,
    "auroc_ci95": [
      0.42323252618992946,
      0.5368920194949679
    ],
    "auroc_floor": 0.5,
    "fpr_at_median_pos": 1.0
  },
  "stratified_note": "recompute offline from raw dump + *_proximity.tsv (aggregate.py)"
}