{
  "task": "task1",
  "model": "CN",
  "setting": "transductive",
  "seed": 42,
  "model_type": "structural",
  "elapsed_sec": 2.0,
  "num_train": 120868,
  "num_test_eval": 5531,
  "num_test_oov": 195,
  "early_stopping": null,
  "ranking": {
    "tail": {
      "micro": {
        "mrr": 0.08719410499120027,
        "mean_rank": 129.87244621225818,
        "n": 5531,
        "hits_at_1": 0.028204664617609836,
        "hits_at_3": 0.07955161815223287,
        "hits_at_5": 0.11824263243536431,
        "hits_at_10": 0.1929126740191647,
        "hits_at_20": 0.28982100885915746
      },
      "macro": {
        "mrr": 0.07908029108337425,
        "n_groups": 2326,
        "hits_at_1": 0.02361864472130276,
        "hits_at_3": 0.07396264181587932,
        "hits_at_5": 0.10979868680175232,
        "hits_at_10": 0.1736792715915767,
        "hits_at_20": 0.26527584739812304
      },
      "micro_minus_macro_gap": {
        "mrr": 0.00811381390782602,
        "hits_at_1": 0.004586019896307074,
        "hits_at_3": 0.005588976336353552,
        "hits_at_5": 0.00844394563361199,
        "hits_at_10": 0.019233402427588003,
        "hits_at_20": 0.024545161461034415
      }
    },
    "head": {
      "micro": {
        "mrr": 0.0162714079086343,
        "mean_rank": 2912.2402820466464,
        "n": 5531,
        "hits_at_1": 0.00451997830410414,
        "hits_at_3": 0.013740734044476587,
        "hits_at_5": 0.02006870367022238,
        "hits_at_10": 0.0336286385825348,
        "hits_at_20": 0.05351654312059302
      },
      "macro": {
        "mrr": 0.012319636829006702,
        "n_groups": 339,
        "hits_at_1": 0.0029041055709307334,
        "hits_at_3": 0.007730913850484153,
        "hits_at_5": 0.014529813066638305,
        "hits_at_10": 0.026773900973013156,
        "hits_at_20": 0.051264158042778604
      },
      "micro_minus_macro_gap": {
        "mrr": 0.003951771079627599,
        "hits_at_1": 0.001615872733173407,
        "hits_at_3": 0.006009820193992434,
        "hits_at_5": 0.005538890603584076,
        "hits_at_10": 0.006854737609521645,
        "hits_at_20": 0.002252385077814417
      }
    },
    "both": {
      "micro": {
        "mrr": 0.0517327564499173,
        "mean_rank": 1521.0563641294523,
        "n": 11062,
        "hits_at_1": 0.016362321460856987,
        "hits_at_3": 0.046646176098354725,
        "hits_at_5": 0.06915566805279334,
        "hits_at_10": 0.11327065630084976,
        "hits_at_20": 0.17166877598987526
      },
      "macro": {
        "mrr": 0.07058803525139279,
        "n_groups": 2665,
        "hits_at_1": 0.02098366206765319,
        "hits_at_3": 0.06553766778951198,
        "hits_at_5": 0.09768005708460271,
        "hits_at_10": 0.15499224696129787,
        "hits_at_20": 0.2380525968572368
      },
      "micro_minus_macro_gap": {
        "mrr": -0.018855278801475486,
        "hits_at_1": -0.004621340606796202,
        "hits_at_3": -0.018891491691157253,
        "hits_at_5": -0.028524389031809372,
        "hits_at_10": -0.041721590660448116,
        "hits_at_20": -0.06638382086736153
      }
    },
    "both_mrr_ci95": [
      0.049090600782731524,
      0.054694069045645784
    ],
    "protocol": "full ranking over same-type candidate pool, filtered (train+valid+test), realistic rank; tail grouped by head, head grouped by tail",
    "both_mean_reciprocal_rank": 0.0517327564499173,
    "both_hits_at_1": 0.016362321460856987,
    "both_hits_at_3": 0.046646176098354725,
    "both_hits_at_5": 0.06915566805279334,
    "both_hits_at_10": 0.11327065630084976,
    "both_hits_at_20": 0.17166877598987526
  },
  "hardneg_auroc": {
    "num_pos": 5531,
    "num_neg": 504,
    "prevalence_floor": 0.9164871582435791,
    "auprc": 0.8919428079550175,
    "auprc_ci95": [
      0.8856708285573932,
      0.8992903750277719
    ],
    "auprc_over_floor": 0.973219100706659,
    "auroc": 0.40009610334822776,
    "auroc_ci95": [
      0.37431461793269105,
      0.4266390391961039
    ],
    "auroc_floor": 0.5,
    "fpr_at_median_pos": 0.6944444444444444
  },
  "stratified_note": "recompute offline from raw dump + *_proximity.tsv (aggregate.py)"
}