{
  "task": "task1",
  "model": "CN",
  "setting": "transductive_with_bridges",
  "seed": 42,
  "model_type": "structural",
  "elapsed_sec": 8.2,
  "num_train": 3675029,
  "num_test_eval": 5531,
  "num_test_oov": 195,
  "early_stopping": null,
  "ranking": {
    "tail": {
      "micro": {
        "mrr": 0.096493891919798,
        "mean_rank": 122.5877779786657,
        "n": 5531,
        "hits_at_1": 0.033990236846863135,
        "hits_at_3": 0.09383474959320195,
        "hits_at_5": 0.13270656300849756,
        "hits_at_10": 0.20737660459229795,
        "hits_at_20": 0.3004881576568432
      },
      "macro": {
        "mrr": 0.08221063884552833,
        "n_groups": 2326,
        "hits_at_1": 0.024751446101262915,
        "hits_at_3": 0.0793681191441388,
        "hits_at_5": 0.1149429021522838,
        "hits_at_10": 0.18009815079205524,
        "hits_at_20": 0.26798258636014255
      },
      "micro_minus_macro_gap": {
        "mrr": 0.01428325307426967,
        "hits_at_1": 0.00923879074560022,
        "hits_at_3": 0.014466630449063156,
        "hits_at_5": 0.017763660856213767,
        "hits_at_10": 0.027278453800242713,
        "hits_at_20": 0.032505571296700675
      }
    },
    "head": {
      "micro": {
        "mrr": 0.0026152325426607105,
        "mean_rank": 3444.9984632073765,
        "n": 5531,
        "hits_at_1": 0.0005423973964924968,
        "hits_at_3": 0.0005423973964924968,
        "hits_at_5": 0.0009039956608208281,
        "hits_at_10": 0.0018079913216416561,
        "hits_at_20": 0.004700777436268306
      },
      "macro": {
        "mrr": 0.002036296489723521,
        "n_groups": 339,
        "hits_at_1": 6.169253956864575e-05,
        "hits_at_3": 6.169253956864575e-05,
        "hits_at_5": 0.0006309623216935746,
        "hits_at_10": 0.0009717416951247637,
        "hits_at_20": 0.003759604923887114
      },
      "micro_minus_macro_gap": {
        "mrr": 0.0005789360529371897,
        "hits_at_1": 0.0004807048569238511,
        "hits_at_3": 0.0004807048569238511,
        "hits_at_5": 0.0002730333391272535,
        "hits_at_10": 0.0008362496265168925,
        "hits_at_20": 0.0009411725123811918
      }
    },
    "both": {
      "micro": {
        "mrr": 0.04955456223122935,
        "mean_rank": 1783.793120593021,
        "n": 11062,
        "hits_at_1": 0.017266317121677817,
        "hits_at_3": 0.04718857349484722,
        "hits_at_5": 0.0668052793346592,
        "hits_at_10": 0.10459229795696981,
        "hits_at_20": 0.15259446754655578
      },
      "macro": {
        "mrr": 0.072012101487698,
        "n_groups": 2665,
        "hits_at_1": 0.02161079827484102,
        "hits_at_3": 0.06927998457792894,
        "hits_at_5": 0.10040190868040007,
        "hits_at_10": 0.15731246498197665,
        "hits_at_20": 0.23437223337444252
      },
      "micro_minus_macro_gap": {
        "mrr": -0.02245753925646865,
        "hits_at_1": -0.004344481153163202,
        "hits_at_3": -0.02209141108308172,
        "hits_at_5": -0.03359662934574087,
        "hits_at_10": -0.05272016702500684,
        "hits_at_20": -0.08177776582788673
      }
    },
    "both_mrr_ci95": [
      0.0467810988392269,
      0.05229296442901525
    ],
    "protocol": "full ranking over same-type candidate pool, filtered (train+valid+test), realistic rank; tail grouped by head, head grouped by tail",
    "both_mean_reciprocal_rank": 0.04955456223122935,
    "both_hits_at_1": 0.017266317121677817,
    "both_hits_at_3": 0.04718857349484722,
    "both_hits_at_5": 0.0668052793346592,
    "both_hits_at_10": 0.10459229795696981,
    "both_hits_at_20": 0.15259446754655578
  },
  "hardneg_auroc": {
    "num_pos": 5531,
    "num_neg": 504,
    "prevalence_floor": 0.9164871582435791,
    "auprc": 0.8776368185852776,
    "auprc_ci95": [
      0.8709685308961436,
      0.8846024044687087
    ],
    "auprc_over_floor": 0.9576095100636686,
    "auroc": 0.33861363655930643,
    "auroc_ci95": [
      0.3139242774491825,
      0.36379884805124363
    ],
    "auroc_floor": 0.5,
    "fpr_at_median_pos": 0.7281746031746031
  },
  "stratified_note": "recompute offline from raw dump + *_proximity.tsv (aggregate.py)"
}