{
  "task": "task1",
  "model": "ComplEx",
  "setting": "transductive_with_bridges",
  "seed": 42,
  "model_type": "kge",
  "elapsed_sec": 8139.4,
  "num_train": 3675029,
  "num_test_eval": 5531,
  "num_test_oov": 195,
  "early_stopping": {
    "stopped_early": true,
    "best_epoch": 75,
    "best_metric": 0.07544922828674316
  },
  "ranking": {
    "tail": {
      "micro": {
        "mrr": 0.13368031467307046,
        "mean_rank": 75.75067799674562,
        "n": 5531,
        "hits_at_1": 0.05966371361417465,
        "hits_at_3": 0.13162176821551255,
        "hits_at_5": 0.18604230699692642,
        "hits_at_10": 0.28240824444042667,
        "hits_at_20": 0.4091484360875068
      },
      "macro": {
        "mrr": 0.1561258375638361,
        "n_groups": 2326,
        "hits_at_1": 0.07826887178456395,
        "hits_at_3": 0.16078206763391256,
        "hits_at_5": 0.21546804255078394,
        "hits_at_10": 0.3148414085706601,
        "hits_at_20": 0.43697849458125543
      },
      "micro_minus_macro_gap": {
        "mrr": -0.02244552289076565,
        "hits_at_1": -0.018605158170389297,
        "hits_at_3": -0.02916029941840001,
        "hits_at_5": -0.029425735553857524,
        "hits_at_10": -0.03243316413023345,
        "hits_at_20": -0.027830058493748644
      }
    },
    "head": {
      "micro": {
        "mrr": 0.02785199021383027,
        "mean_rank": 1507.0065087687578,
        "n": 5531,
        "hits_at_1": 0.009220755740372446,
        "hits_at_3": 0.0225998915205207,
        "hits_at_5": 0.0336286385825348,
        "hits_at_10": 0.057855722292532996,
        "hits_at_20": 0.09636593744350028
      },
      "macro": {
        "mrr": 0.04260777842785257,
        "n_groups": 339,
        "hits_at_1": 0.013245269904203865,
        "hits_at_3": 0.03683790808847793,
        "hits_at_5": 0.05589296631529417,
        "hits_at_10": 0.09063409332743544,
        "hits_at_20": 0.1616188564068983
      },
      "micro_minus_macro_gap": {
        "mrr": -0.014755788214022302,
        "hits_at_1": -0.004024514163831419,
        "hits_at_3": -0.014238016567957229,
        "hits_at_5": -0.022264327732759367,
        "hits_at_10": -0.03277837103490244,
        "hits_at_20": -0.06525291896339802
      }
    },
    "both": {
      "micro": {
        "mrr": 0.08076615244345037,
        "mean_rank": 791.3785933827518,
        "n": 11062,
        "hits_at_1": 0.03444223467727355,
        "hits_at_3": 0.07711082986801664,
        "hits_at_5": 0.1098354727897306,
        "hits_at_10": 0.17013198336647983,
        "hits_at_20": 0.2527571867655035
      },
      "macro": {
        "mrr": 0.14168582929100368,
        "n_groups": 2665,
        "hits_at_1": 0.06999757683618044,
        "hits_at_3": 0.14501581244220438,
        "hits_at_5": 0.195169374316701,
        "hits_at_10": 0.2863212285078259,
        "hits_at_20": 0.4019515087121721
      },
      "micro_minus_macro_gap": {
        "mrr": -0.06091967684755331,
        "hits_at_1": -0.035555342158906884,
        "hits_at_3": -0.06790498257418774,
        "hits_at_5": -0.0853339015269704,
        "hits_at_10": -0.11618924514134604,
        "hits_at_20": -0.1491943219466686
      }
    },
    "both_mrr_ci95": [
      0.07714414107647491,
      0.08465200352557646
    ],
    "protocol": "full ranking over same-type candidate pool, filtered (train+valid+test), realistic rank; tail grouped by head, head grouped by tail",
    "both_mean_reciprocal_rank": 0.08076615244345037,
    "both_hits_at_1": 0.03444223467727355,
    "both_hits_at_3": 0.07711082986801664,
    "both_hits_at_5": 0.1098354727897306,
    "both_hits_at_10": 0.17013198336647983,
    "both_hits_at_20": 0.2527571867655035
  },
  "hardneg_auroc": {
    "num_pos": 5531,
    "num_neg": 504,
    "prevalence_floor": 0.9164871582435791,
    "auprc": 0.8894910499209369,
    "auprc_ci95": [
      0.8833830883774912,
      0.8959051602295371
    ],
    "auprc_over_floor": 0.9705439317072598,
    "auroc": 0.3468929095172089,
    "auroc_ci95": [
      0.32611618353120797,
      0.36773329186432596
    ],
    "auroc_floor": 0.5,
    "fpr_at_median_pos": 0.7440476190476191
  },
  "stratified_note": "recompute offline from raw dump + *_proximity.tsv (aggregate.py)"
}