{
  "task": "task1",
  "model": "ComplEx",
  "setting": "transductive",
  "seed": 42,
  "model_type": "kge",
  "elapsed_sec": 482.0,
  "num_train": 120868,
  "num_test_eval": 5531,
  "num_test_oov": 195,
  "early_stopping": {
    "stopped_early": false,
    "best_epoch": 200,
    "best_metric": 0.025649521499872208
  },
  "ranking": {
    "tail": {
      "micro": {
        "mrr": 0.053134080694910955,
        "mean_rank": 103.24932200325438,
        "n": 5531,
        "hits_at_1": 0.012655939251491593,
        "hits_at_3": 0.038148616886638946,
        "hits_at_5": 0.05966371361417465,
        "hits_at_10": 0.11553064545290183,
        "hits_at_20": 0.20430301934550715
      },
      "macro": {
        "mrr": 0.04566153537584841,
        "n_groups": 2326,
        "hits_at_1": 0.009772930804745079,
        "hits_at_3": 0.03075500375254571,
        "hits_at_5": 0.05007410456670242,
        "hits_at_10": 0.10100325760780357,
        "hits_at_20": 0.1797445319519042
      },
      "micro_minus_macro_gap": {
        "mrr": 0.007472545319062544,
        "hits_at_1": 0.002883008446746514,
        "hits_at_3": 0.007393613134093237,
        "hits_at_5": 0.009589609047472226,
        "hits_at_10": 0.014527387845098258,
        "hits_at_20": 0.024558487393602946
      }
    },
    "head": {
      "micro": {
        "mrr": 0.018180496521156327,
        "mean_rank": 1416.521967094558,
        "n": 5531,
        "hits_at_1": 0.0048815765684324715,
        "hits_at_3": 0.01193274272283493,
        "hits_at_5": 0.019887904538058217,
        "hits_at_10": 0.037425420357982284,
        "hits_at_20": 0.061833303200144636
      },
      "macro": {
        "mrr": 0.0142613017888011,
        "n_groups": 339,
        "hits_at_1": 0.0023769758038726394,
        "hits_at_3": 0.009596749576234508,
        "hits_at_5": 0.014971025328418265,
        "hits_at_10": 0.025602635075405975,
        "hits_at_20": 0.050269939353172186
      },
      "micro_minus_macro_gap": {
        "mrr": 0.003919194732355228,
        "hits_at_1": 0.002504600764559832,
        "hits_at_3": 0.0023359931466004225,
        "hits_at_5": 0.004916879209639952,
        "hits_at_10": 0.011822785282576308,
        "hits_at_20": 0.01156336384697245
      }
    },
    "both": {
      "micro": {
        "mrr": 0.035657288608033647,
        "mean_rank": 759.8856445489062,
        "n": 11062,
        "hits_at_1": 0.008768757909962031,
        "hits_at_3": 0.025040679804736937,
        "hits_at_5": 0.039775809076116435,
        "hits_at_10": 0.07647803290544206,
        "hits_at_20": 0.1330681612728259
      },
      "macro": {
        "mrr": 0.04166728427415647,
        "n_groups": 2665,
        "hits_at_1": 0.008832132026022467,
        "hits_at_3": 0.02806357854963033,
        "hits_at_5": 0.04560883482494695,
        "hits_at_10": 0.09141195890668433,
        "hits_at_20": 0.16327478077330376
      },
      "micro_minus_macro_gap": {
        "mrr": -0.006009995666122821,
        "hits_at_1": -6.337411606043529e-05,
        "hits_at_3": -0.003022898744893393,
        "hits_at_5": -0.005833025748830517,
        "hits_at_10": -0.01493392600124227,
        "hits_at_20": -0.03020661950047787
      }
    },
    "both_mrr_ci95": [
      0.033511659924395885,
      0.037932068571227294
    ],
    "protocol": "full ranking over same-type candidate pool, filtered (train+valid+test), realistic rank; tail grouped by head, head grouped by tail",
    "both_mean_reciprocal_rank": 0.035657288608033647,
    "both_hits_at_1": 0.008768757909962031,
    "both_hits_at_3": 0.025040679804736937,
    "both_hits_at_5": 0.039775809076116435,
    "both_hits_at_10": 0.07647803290544206,
    "both_hits_at_20": 0.1330681612728259
  },
  "hardneg_auroc": {
    "num_pos": 5531,
    "num_neg": 504,
    "prevalence_floor": 0.9164871582435791,
    "auprc": 0.8119431180861414,
    "auprc_ci95": [
      0.8078176753396035,
      0.8171848620596431
    ],
    "auprc_over_floor": 0.8859296180889286,
    "auroc": 0.15223932639409044,
    "auroc_ci95": [
      0.13532511020137578,
      0.17121295770161257
    ],
    "auroc_floor": 0.5,
    "fpr_at_median_pos": 0.9146825396825397
  },
  "stratified_note": "recompute offline from raw dump + *_proximity.tsv (aggregate.py)"
}