{
  "task": "task1",
  "model": "ComplEx",
  "setting": "cold_microbe",
  "seed": 42,
  "model_type": "kge",
  "elapsed_sec": 134.7,
  "num_train": 127386,
  "num_test_eval": 2687,
  "num_test_oov": 168,
  "early_stopping": {
    "stopped_early": true,
    "best_epoch": 5,
    "best_metric": 0.00037078410969115794
  },
  "ranking": {
    "tail": {
      "micro": {
        "mrr": 0.012144816612532432,
        "mean_rank": 227.6122069222181,
        "n": 2687,
        "hits_at_1": 0.0018608113137327876,
        "hits_at_3": 0.004093784890212133,
        "hits_at_5": 0.005582433941198363,
        "hits_at_10": 0.012281354670636397,
        "hits_at_20": 0.030517305545217716
      },
      "macro": {
        "mrr": 0.010546707951541811,
        "n_groups": 324,
        "hits_at_1": 0.0004187916421182493,
        "hits_at_3": 0.004159327762141149,
        "hits_at_5": 0.00779091414154888,
        "hits_at_10": 0.012189582412682644,
        "hits_at_20": 0.02905200759789398
      },
      "micro_minus_macro_gap": {
        "mrr": 0.0015981086609906207,
        "hits_at_1": 0.0014420196716145382,
        "hits_at_3": -6.5542871929016e-05,
        "hits_at_5": -0.002208480200350517,
        "hits_at_10": 9.177225795375249e-05,
        "hits_at_20": 0.0014652979473237376
      }
    },
    "head": {
      "micro": {
        "mrr": 0.0008896520928163748,
        "mean_rank": 3940.177149237067,
        "n": 2687,
        "hits_at_1": 0.0,
        "hits_at_3": 0.0,
        "hits_at_5": 0.0,
        "hits_at_10": 0.0003721622627465575,
        "hits_at_20": 0.002232973576479345
      },
      "macro": {
        "mrr": 0.0008083581557927622,
        "n_groups": 301,
        "hits_at_1": 0.0,
        "hits_at_3": 0.0,
        "hits_at_5": 0.0,
        "hits_at_10": 0.00023730422401518745,
        "hits_at_20": 0.002184889061965474
      },
      "micro_minus_macro_gap": {
        "mrr": 8.129393702361264e-05,
        "hits_at_1": 0.0,
        "hits_at_3": 0.0,
        "hits_at_5": 0.0,
        "hits_at_10": 0.00013485803873137007,
        "hits_at_20": 4.808451451387063e-05
      }
    },
    "both": {
      "micro": {
        "mrr": 0.006517234352674403,
        "mean_rank": 2083.8946780796427,
        "n": 5374,
        "hits_at_1": 0.0009304056568663938,
        "hits_at_3": 0.0020468924451060664,
        "hits_at_5": 0.0027912169705991813,
        "hits_at_10": 0.006326758466691477,
        "hits_at_20": 0.01637513956084853
      },
      "macro": {
        "mrr": 0.0058567186899090695,
        "n_groups": 625,
        "hits_at_1": 0.00021710158727410045,
        "hits_at_3": 0.0021561955118939713,
        "hits_at_5": 0.004038809890978939,
        "hits_at_10": 0.006433365237020396,
        "hits_at_20": 0.01611280331099081
      },
      "micro_minus_macro_gap": {
        "mrr": 0.0006605156627653335,
        "hits_at_1": 0.0007133040695922933,
        "hits_at_3": -0.0001093030667879049,
        "hits_at_5": -0.0012475929203797577,
        "hits_at_10": -0.00010660677032891912,
        "hits_at_20": 0.00026233624985771975
      }
    },
    "both_mrr_ci95": [
      0.005628913563405241,
      0.007500162217745682
    ],
    "protocol": "full ranking over same-type candidate pool, filtered (train+valid+test), realistic rank; tail grouped by head, head grouped by tail",
    "both_mean_reciprocal_rank": 0.006517234352674403,
    "both_hits_at_1": 0.0009304056568663938,
    "both_hits_at_3": 0.0020468924451060664,
    "both_hits_at_5": 0.0027912169705991813,
    "both_hits_at_10": 0.006326758466691477,
    "both_hits_at_20": 0.01637513956084853
  },
  "hardneg_auroc": {
    "num_pos": 2687,
    "num_neg": 94,
    "prevalence_floor": 0.9661992089176555,
    "auprc": 0.9579538209580778,
    "auprc_ci95": [
      0.9497166428889929,
      0.9670193125966076
    ],
    "auprc_over_floor": 0.9914661615498378,
    "auroc": 0.4945680146331035,
    "auroc_ci95": [
      0.4277523180957961,
      0.5654534440845997
    ],
    "auroc_floor": 0.5,
    "fpr_at_median_pos": 0.48936170212765956
  },
  "stratified_note": "recompute offline from raw dump + *_proximity.tsv (aggregate.py)"
}