{
  "task": "task1",
  "model": "ComplEx",
  "setting": "cold_disease",
  "seed": 42,
  "model_type": "kge",
  "elapsed_sec": 158.8,
  "num_train": 129139,
  "num_test_eval": 1928,
  "num_test_oov": 48,
  "early_stopping": {
    "stopped_early": true,
    "best_epoch": 15,
    "best_metric": 0.0007666270830668509
  },
  "ranking": {
    "tail": {
      "micro": {
        "mrr": 0.0186143093159324,
        "mean_rank": 207.08921161825725,
        "n": 1928,
        "hits_at_1": 0.0031120331950207467,
        "hits_at_3": 0.009854771784232365,
        "hits_at_5": 0.015560165975103735,
        "hits_at_10": 0.03008298755186722,
        "hits_at_20": 0.061203319502074686
      },
      "macro": {
        "mrr": 0.018850970053214292,
        "n_groups": 1108,
        "hits_at_1": 0.0021660649819494585,
        "hits_at_3": 0.010793794051916796,
        "hits_at_5": 0.018690905965274195,
        "hits_at_10": 0.034116597902698984,
        "hits_at_20": 0.06342294137871755
      },
      "micro_minus_macro_gap": {
        "mrr": -0.00023666073728189144,
        "hits_at_1": 0.0009459682130712882,
        "hits_at_3": -0.0009390222676844313,
        "hits_at_5": -0.00313073999017046,
        "hits_at_10": -0.004033610350831763,
        "hits_at_20": -0.0022196218766428674
      }
    },
    "head": {
      "micro": {
        "mrr": 0.0011625956602333196,
        "mean_rank": 4055.5197095435683,
        "n": 1928,
        "hits_at_1": 0.0,
        "hits_at_3": 0.0005186721991701245,
        "hits_at_5": 0.0005186721991701245,
        "hits_at_10": 0.0015560165975103733,
        "hits_at_20": 0.002074688796680498
      },
      "macro": {
        "mrr": 0.000755526857663315,
        "n_groups": 20,
        "hits_at_1": 0.0,
        "hits_at_3": 0.00016025641025641026,
        "hits_at_5": 0.00016025641025641026,
        "hits_at_10": 0.00031601965013179964,
        "hits_at_20": 0.0004762760603882099
      },
      "micro_minus_macro_gap": {
        "mrr": 0.0004070688025700046,
        "hits_at_1": 0.0,
        "hits_at_3": 0.00035841578891371425,
        "hits_at_5": 0.00035841578891371425,
        "hits_at_10": 0.0012399969473785737,
        "hits_at_20": 0.001598412736292288
      }
    },
    "both": {
      "micro": {
        "mrr": 0.00988845248808286,
        "mean_rank": 2131.3044605809127,
        "n": 3856,
        "hits_at_1": 0.0015560165975103733,
        "hits_at_3": 0.005186721991701245,
        "hits_at_5": 0.008039419087136929,
        "hits_at_10": 0.015819502074688796,
        "hits_at_20": 0.03163900414937759
      },
      "macro": {
        "mrr": 0.018530128861803812,
        "n_groups": 1128,
        "hits_at_1": 0.002127659574468085,
        "hits_at_3": 0.010605256150468917,
        "hits_at_5": 0.01836234834905048,
        "hits_at_10": 0.03351729686985205,
        "hits_at_20": 0.06230686575250603
      },
      "micro_minus_macro_gap": {
        "mrr": -0.008641676373720953,
        "hits_at_1": -0.0005716429769577118,
        "hits_at_3": -0.005418534158767673,
        "hits_at_5": -0.010322929261913551,
        "hits_at_10": -0.01769779479516325,
        "hits_at_20": -0.03066786160312844
      }
    },
    "both_mrr_ci95": [
      0.0084075731323284,
      0.011575976687398713
    ],
    "protocol": "full ranking over same-type candidate pool, filtered (train+valid+test), realistic rank; tail grouped by head, head grouped by tail",
    "both_mean_reciprocal_rank": 0.00988845248808286,
    "both_hits_at_1": 0.0015560165975103733,
    "both_hits_at_3": 0.005186721991701245,
    "both_hits_at_5": 0.008039419087136929,
    "both_hits_at_10": 0.015819502074688796,
    "both_hits_at_20": 0.03163900414937759
  },
  "hardneg_auroc": {
    "num_pos": 1928,
    "num_neg": 78,
    "prevalence_floor": 0.9611166500498505,
    "auprc": 0.9403057288714819,
    "auprc_ci95": [
      0.9277852646673318,
      0.954805418571663
    ],
    "auprc_over_floor": 0.9783471432137929,
    "auroc": 0.5595342589637196,
    "auroc_ci95": [
      0.4625074808490265,
      0.6568015879348867
    ],
    "auroc_floor": 0.5,
    "fpr_at_median_pos": 0.4358974358974359
  },
  "stratified_note": "recompute offline from raw dump + *_proximity.tsv (aggregate.py)"
}