{
  "task": "task1",
  "model": "ConvE",
  "setting": "transductive",
  "seed": 42,
  "model_type": "kge",
  "elapsed_sec": 879.8,
  "num_train": 120868,
  "num_test_eval": 5531,
  "num_test_oov": 195,
  "early_stopping": {
    "stopped_early": true,
    "best_epoch": 10,
    "best_metric": 0.06277741491794586
  },
  "ranking": {
    "tail": {
      "micro": {
        "mrr": 0.11444400855167992,
        "mean_rank": 61.014463930573136,
        "n": 5531,
        "hits_at_1": 0.04718857349484722,
        "hits_at_3": 0.10576749231603688,
        "hits_at_5": 0.15386006147170495,
        "hits_at_10": 0.2413668414391611,
        "hits_at_20": 0.37787018622310614
      },
      "macro": {
        "mrr": 0.12192073362967573,
        "n_groups": 2326,
        "hits_at_1": 0.05481360141721277,
        "hits_at_3": 0.11017932196780005,
        "hits_at_5": 0.15482285598247877,
        "hits_at_10": 0.2489626392171347,
        "hits_at_20": 0.39787277629781087
      },
      "micro_minus_macro_gap": {
        "mrr": -0.007476725077995808,
        "hits_at_1": -0.0076250279223655446,
        "hits_at_3": -0.004411829651763163,
        "hits_at_5": -0.0009627945107738289,
        "hits_at_10": -0.0075957977779736174,
        "hits_at_20": -0.02000259007470473
      }
    },
    "head": {
      "micro": {
        "mrr": 0.013993709971350797,
        "mean_rank": 1436.0662628819382,
        "n": 5531,
        "hits_at_1": 0.002711986982462484,
        "hits_at_3": 0.00867835834387995,
        "hits_at_5": 0.013559934912312421,
        "hits_at_10": 0.02928945941059483,
        "hits_at_20": 0.05188935093111553
      },
      "macro": {
        "mrr": 0.020975821834272195,
        "n_groups": 339,
        "hits_at_1": 0.0029092464223563707,
        "hits_at_3": 0.012226554657371597,
        "hits_at_5": 0.021966822322331526,
        "hits_at_10": 0.051706988055649716,
        "hits_at_20": 0.08921613860684234
      },
      "micro_minus_macro_gap": {
        "mrr": -0.0069821118629213984,
        "hits_at_1": -0.00019725943989388648,
        "hits_at_3": -0.0035481963134916476,
        "hits_at_5": -0.008406887410019106,
        "hits_at_10": -0.022417528645054887,
        "hits_at_20": -0.03732678767572681
      }
    },
    "both": {
      "micro": {
        "mrr": 0.06421885926151537,
        "mean_rank": 748.5403634062557,
        "n": 11062,
        "hits_at_1": 0.024950280238654855,
        "hits_at_3": 0.057222925329958416,
        "hits_at_5": 0.08370999819200868,
        "hits_at_10": 0.13532815042487797,
        "hits_at_20": 0.21487976857711083
      },
      "macro": {
        "mrr": 0.10908008631311222,
        "n_groups": 2665,
        "hits_at_1": 0.04821113374619726,
        "hits_at_3": 0.0977192889027962,
        "hits_at_5": 0.1379229702748653,
        "hits_at_10": 0.22387083218383508,
        "hits_at_20": 0.35861026216001035
      },
      "micro_minus_macro_gap": {
        "mrr": -0.044861227051596855,
        "hits_at_1": -0.023260853507542405,
        "hits_at_3": -0.040496363572837785,
        "hits_at_5": -0.05421297208285662,
        "hits_at_10": -0.0885426817589571,
        "hits_at_20": -0.14373049358289952
      }
    },
    "both_mrr_ci95": [
      0.061012742684979165,
      0.06735334926254906
    ],
    "protocol": "full ranking over same-type candidate pool, filtered (train+valid+test), realistic rank; tail grouped by head, head grouped by tail",
    "both_mean_reciprocal_rank": 0.06421885926151537,
    "both_hits_at_1": 0.024950280238654855,
    "both_hits_at_3": 0.057222925329958416,
    "both_hits_at_5": 0.08370999819200868,
    "both_hits_at_10": 0.13532815042487797,
    "both_hits_at_20": 0.21487976857711083
  },
  "hardneg_auroc": {
    "num_pos": 5531,
    "num_neg": 504,
    "prevalence_floor": 0.9164871582435791,
    "auprc": 0.8332785447434434,
    "auprc_ci95": [
      0.8279616613194528,
      0.8400836584446056
    ],
    "auprc_over_floor": 0.9092091877647227,
    "auroc": 0.18587191098943046,
    "auroc_ci95": [
      0.17094847619334602,
      0.20385926330093299
    ],
    "auroc_floor": 0.5,
    "fpr_at_median_pos": 0.9305555555555556
  },
  "stratified_note": "recompute offline from raw dump + *_proximity.tsv (aggregate.py)"
}