{
  "task": "task1",
  "model": "ConvE",
  "setting": "transductive_with_bridges",
  "seed": 42,
  "model_type": "kge",
  "elapsed_sec": 28125.2,
  "num_train": 3675029,
  "num_test_eval": 5531,
  "num_test_oov": 195,
  "early_stopping": {
    "stopped_early": true,
    "best_epoch": 15,
    "best_metric": 0.02046814374625683
  },
  "ranking": {
    "tail": {
      "micro": {
        "mrr": 0.07451830258803606,
        "mean_rank": 110.33655758452359,
        "n": 5531,
        "hits_at_1": 0.03290544205387814,
        "hits_at_3": 0.07376604592297957,
        "hits_at_5": 0.08804917736394866,
        "hits_at_10": 0.13469535346230338,
        "hits_at_20": 0.21117338636774544
      },
      "macro": {
        "mrr": 0.07201993739129836,
        "n_groups": 2326,
        "hits_at_1": 0.0293626544614432,
        "hits_at_3": 0.07973855936765765,
        "hits_at_5": 0.09152108681441554,
        "hits_at_10": 0.12523412780057888,
        "hits_at_20": 0.19676298823299646
      },
      "micro_minus_macro_gap": {
        "mrr": 0.002498365196737698,
        "hits_at_1": 0.0035427875924349365,
        "hits_at_3": -0.005972513444678085,
        "hits_at_5": -0.0034719094504668813,
        "hits_at_10": 0.009461225661724498,
        "hits_at_20": 0.01441039813474898
      }
    },
    "head": {
      "micro": {
        "mrr": 0.0019220034726763035,
        "mean_rank": 3500.980112095462,
        "n": 5531,
        "hits_at_1": 0.0,
        "hits_at_3": 0.0003615982643283312,
        "hits_at_5": 0.0010847947929849937,
        "hits_at_10": 0.0018079913216416561,
        "hits_at_20": 0.00741276441873079
      },
      "macro": {
        "mrr": 0.0022266333952281727,
        "n_groups": 339,
        "hits_at_1": 0.0,
        "hits_at_3": 8.460074831756248e-05,
        "hits_at_5": 0.0008086554546731539,
        "hits_at_10": 0.0012966968125060604,
        "hits_at_20": 0.010161014388935418
      },
      "micro_minus_macro_gap": {
        "mrr": -0.00030462992255186915,
        "hits_at_1": 0.0,
        "hits_at_3": 0.00027699751601076875,
        "hits_at_5": 0.0002761393383118398,
        "hits_at_10": 0.0005112945091355957,
        "hits_at_20": -0.002748249970204628
      }
    },
    "both": {
      "micro": {
        "mrr": 0.038220153030356176,
        "mean_rank": 1805.6583348399927,
        "n": 11062,
        "hits_at_1": 0.01645272102693907,
        "hits_at_3": 0.03706382209365395,
        "hits_at_5": 0.044566986078466826,
        "hits_at_10": 0.06825167239197252,
        "hits_at_20": 0.10929307539323811
      },
      "macro": {
        "mrr": 0.06314191485671382,
        "n_groups": 2665,
        "hits_at_1": 0.025627592599368438,
        "hits_at_3": 0.06960621716429694,
        "hits_at_5": 0.07998205708422691,
        "hits_at_10": 0.10946872851166456,
        "hits_at_20": 0.1730263769260033
      },
      "micro_minus_macro_gap": {
        "mrr": -0.024921761826357643,
        "hits_at_1": -0.009174871572429369,
        "hits_at_3": -0.032542395070642986,
        "hits_at_5": -0.035415071005760086,
        "hits_at_10": -0.041217056119692036,
        "hits_at_20": -0.0637333015327652
      }
    },
    "both_mrr_ci95": [
      0.03570253979022274,
      0.040808657324925834
    ],
    "protocol": "full ranking over same-type candidate pool, filtered (train+valid+test), realistic rank; tail grouped by head, head grouped by tail",
    "both_mean_reciprocal_rank": 0.038220153030356176,
    "both_hits_at_1": 0.01645272102693907,
    "both_hits_at_3": 0.03706382209365395,
    "both_hits_at_5": 0.044566986078466826,
    "both_hits_at_10": 0.06825167239197252,
    "both_hits_at_20": 0.10929307539323811
  },
  "hardneg_auroc": {
    "num_pos": 5531,
    "num_neg": 504,
    "prevalence_floor": 0.9164871582435791,
    "auprc": 0.8741401472005834,
    "auprc_ci95": [
      0.8671117895024874,
      0.8820598202301582
    ],
    "auprc_over_floor": 0.9537942123224591,
    "auroc": 0.37502959509603884,
    "auroc_ci95": [
      0.34945596142090896,
      0.4010774946692953
    ],
    "auroc_floor": 0.5,
    "fpr_at_median_pos": 0.5674603174603174
  },
  "stratified_note": "recompute offline from raw dump + *_proximity.tsv (aggregate.py)"
}