{
  "task": "task1",
  "model": "DistMult",
  "setting": "transductive",
  "seed": 42,
  "model_type": "kge",
  "elapsed_sec": 240.8,
  "num_train": 120868,
  "num_test_eval": 5531,
  "num_test_oov": 195,
  "early_stopping": {
    "stopped_early": true,
    "best_epoch": 100,
    "best_metric": 0.06159216910600662
  },
  "ranking": {
    "tail": {
      "micro": {
        "mrr": 0.107830113650234,
        "mean_rank": 56.27427228349304,
        "n": 5531,
        "hits_at_1": 0.035255830772012296,
        "hits_at_3": 0.10124751401193274,
        "hits_at_5": 0.15386006147170495,
        "hits_at_10": 0.24968360151871272,
        "hits_at_20": 0.3747966009763153
      },
      "macro": {
        "mrr": 0.13116281418510975,
        "n_groups": 2326,
        "hits_at_1": 0.04493374686839863,
        "hits_at_3": 0.12900245462476762,
        "hits_at_5": 0.19803507807049997,
        "hits_at_10": 0.31597597032776853,
        "hits_at_20": 0.44365469652428974
      },
      "micro_minus_macro_gap": {
        "mrr": -0.023332700534875753,
        "hits_at_1": -0.009677916096386331,
        "hits_at_3": -0.027754940612834872,
        "hits_at_5": -0.044175016598795025,
        "hits_at_10": -0.06629236880905581,
        "hits_at_20": -0.06885809554797445
      }
    },
    "head": {
      "micro": {
        "mrr": 0.018411438684035747,
        "mean_rank": 1056.8818477671307,
        "n": 5531,
        "hits_at_1": 0.0030735852467908154,
        "hits_at_3": 0.012475140119327427,
        "hits_at_5": 0.021334297595371542,
        "hits_at_10": 0.03832941601880311,
        "hits_at_20": 0.06581088410775628
      },
      "macro": {
        "mrr": 0.026502169456364626,
        "n_groups": 339,
        "hits_at_1": 0.0027375408880646553,
        "hits_at_3": 0.02223072406600905,
        "hits_at_5": 0.03265955591458292,
        "hits_at_10": 0.058421127767473845,
        "hits_at_20": 0.10886288602637172
      },
      "micro_minus_macro_gap": {
        "mrr": -0.008090730772328879,
        "hits_at_1": 0.0003360443587261601,
        "hits_at_3": -0.009755583946681622,
        "hits_at_5": -0.01132525831921138,
        "hits_at_10": -0.020091711748670735,
        "hits_at_20": -0.04305200191861544
      }
    },
    "both": {
      "micro": {
        "mrr": 0.06312077616713486,
        "mean_rank": 556.5780600253119,
        "n": 11062,
        "hits_at_1": 0.019164708009401555,
        "hits_at_3": 0.05686132706563009,
        "hits_at_5": 0.08759717953353824,
        "hits_at_10": 0.14400650876875792,
        "hits_at_20": 0.2203037425420358
      },
      "macro": {
        "mrr": 0.11784950890816995,
        "n_groups": 2665,
        "hits_at_1": 0.03956619946602219,
        "hits_at_3": 0.11542060972442271,
        "hits_at_5": 0.17699856699700806,
        "hits_at_10": 0.28321383463248145,
        "hits_at_20": 0.4010676707236165
      },
      "micro_minus_macro_gap": {
        "mrr": -0.05472873274103508,
        "hits_at_1": -0.020401491456620634,
        "hits_at_3": -0.05855928265879262,
        "hits_at_5": -0.08940138746346982,
        "hits_at_10": -0.13920732586372353,
        "hits_at_20": -0.18076392818158069
      }
    },
    "both_mrr_ci95": [
      0.06022368981823411,
      0.06640087411519073
    ],
    "protocol": "full ranking over same-type candidate pool, filtered (train+valid+test), realistic rank; tail grouped by head, head grouped by tail",
    "both_mean_reciprocal_rank": 0.06312077616713486,
    "both_hits_at_1": 0.019164708009401555,
    "both_hits_at_3": 0.05686132706563009,
    "both_hits_at_5": 0.08759717953353824,
    "both_hits_at_10": 0.14400650876875792,
    "both_hits_at_20": 0.2203037425420358
  },
  "hardneg_auroc": {
    "num_pos": 5531,
    "num_neg": 504,
    "prevalence_floor": 0.9164871582435791,
    "auprc": 0.9184743635859733,
    "auprc_ci95": [
      0.9133249917145388,
      0.9240836667788898
    ],
    "auprc_over_floor": 1.002168284983068,
    "auroc": 0.45940664881633964,
    "auroc_ci95": [
      0.4371132010629841,
      0.48270064398928975
    ],
    "auroc_floor": 0.5,
    "fpr_at_median_pos": 0.5396825396825397
  },
  "stratified_note": "recompute offline from raw dump + *_proximity.tsv (aggregate.py)"
}