{
  "task": "task1",
  "model": "DistMult",
  "setting": "transductive_with_bridges",
  "seed": 42,
  "model_type": "kge",
  "elapsed_sec": 4848.3,
  "num_train": 3675029,
  "num_test_eval": 5531,
  "num_test_oov": 195,
  "early_stopping": {
    "stopped_early": true,
    "best_epoch": 70,
    "best_metric": 0.05704154446721077
  },
  "ranking": {
    "tail": {
      "micro": {
        "mrr": 0.11549215131145386,
        "mean_rank": 58.60323630446574,
        "n": 5531,
        "hits_at_1": 0.042126197794250586,
        "hits_at_3": 0.11028747062014102,
        "hits_at_5": 0.15838003977580908,
        "hits_at_10": 0.25528837461580184,
        "hits_at_20": 0.3901645272102694
      },
      "macro": {
        "mrr": 0.1368132530473002,
        "n_groups": 2326,
        "hits_at_1": 0.054500303484611316,
        "hits_at_3": 0.1393487890800407,
        "hits_at_5": 0.19037833646491914,
        "hits_at_10": 0.2969243753409516,
        "hits_at_20": 0.43169101959575434
      },
      "micro_minus_macro_gap": {
        "mrr": -0.021321101735846323,
        "hits_at_1": -0.01237410569036073,
        "hits_at_3": -0.029061318459899677,
        "hits_at_5": -0.031998296689110056,
        "hits_at_10": -0.04163600072514978,
        "hits_at_20": -0.04152649238548495
      }
    },
    "head": {
      "micro": {
        "mrr": 0.005003150047224564,
        "mean_rank": 2534.9323811245704,
        "n": 5531,
        "hits_at_1": 0.0003615982643283312,
        "hits_at_3": 0.002711986982462484,
        "hits_at_5": 0.006870367022238293,
        "hits_at_10": 0.0115711444585066,
        "hits_at_20": 0.01970710540589405
      },
      "macro": {
        "mrr": 0.015337465532286765,
        "n_groups": 339,
        "hits_at_1": 0.001147164863979023,
        "hits_at_3": 0.012105182004588856,
        "hits_at_5": 0.0238446087568366,
        "hits_at_10": 0.039563907374964305,
        "hits_at_20": 0.06718831085425733
      },
      "micro_minus_macro_gap": {
        "mrr": -0.0103343154850622,
        "hits_at_1": -0.0007855665996506919,
        "hits_at_3": -0.009393195022126372,
        "hits_at_5": -0.016974241734598307,
        "hits_at_10": -0.027992762916457706,
        "hits_at_20": -0.04748120544836328
      }
    },
    "both": {
      "micro": {
        "mrr": 0.06024765067933922,
        "mean_rank": 1296.7678087145182,
        "n": 11062,
        "hits_at_1": 0.02124389802928946,
        "hits_at_3": 0.05649972880130175,
        "hits_at_5": 0.08262520339902368,
        "hits_at_10": 0.13342975953715422,
        "hits_at_20": 0.20493581630808172
      },
      "macro": {
        "mrr": 0.12136098589248234,
        "n_groups": 2665,
        "hits_at_1": 0.04771354401279354,
        "hits_at_3": 0.12316282930571494,
        "hits_at_5": 0.16919449643000734,
        "hits_at_10": 0.2641869649692932,
        "hits_at_20": 0.38532463375584164
      },
      "micro_minus_macro_gap": {
        "mrr": -0.061113335213143126,
        "hits_at_1": -0.02646964598350408,
        "hits_at_3": -0.06666310050441318,
        "hits_at_5": -0.08656929303098365,
        "hits_at_10": -0.130757205432139,
        "hits_at_20": -0.18038881744775992
      }
    },
    "both_mrr_ci95": [
      0.05700828754777406,
      0.06329531113898341
    ],
    "protocol": "full ranking over same-type candidate pool, filtered (train+valid+test), realistic rank; tail grouped by head, head grouped by tail",
    "both_mean_reciprocal_rank": 0.06024765067933922,
    "both_hits_at_1": 0.02124389802928946,
    "both_hits_at_3": 0.05649972880130175,
    "both_hits_at_5": 0.08262520339902368,
    "both_hits_at_10": 0.13342975953715422,
    "both_hits_at_20": 0.20493581630808172
  },
  "hardneg_auroc": {
    "num_pos": 5531,
    "num_neg": 504,
    "prevalence_floor": 0.9164871582435791,
    "auprc": 0.8018272054993489,
    "auprc_ci95": [
      0.7982452775706316,
      0.8065046231550765
    ],
    "auprc_over_floor": 0.8748919156008987,
    "auroc": 0.12679077235667363,
    "auroc_ci95": [
      0.11085370552126113,
      0.14641012381870727
    ],
    "auroc_floor": 0.5,
    "fpr_at_median_pos": 0.9146825396825397
  },
  "stratified_note": "recompute offline from raw dump + *_proximity.tsv (aggregate.py)"
}