{
  "task": "task1",
  "model": "DistMult",
  "setting": "cold_microbe",
  "seed": 42,
  "model_type": "kge",
  "elapsed_sec": 118.7,
  "num_train": 127386,
  "num_test_eval": 2687,
  "num_test_oov": 168,
  "early_stopping": {
    "stopped_early": true,
    "best_epoch": 25,
    "best_metric": 0.018558340147137642
  },
  "ranking": {
    "tail": {
      "micro": {
        "mrr": 0.052680719952049294,
        "mean_rank": 187.21845924823222,
        "n": 2687,
        "hits_at_1": 0.01935243766282099,
        "hits_at_3": 0.04949758094529215,
        "hits_at_5": 0.06959434313360625,
        "hits_at_10": 0.10234462225530332,
        "hits_at_20": 0.15705247487904728
      },
      "macro": {
        "mrr": 0.037274098467083135,
        "n_groups": 324,
        "hits_at_1": 0.006404188508568568,
        "hits_at_3": 0.03552772260505249,
        "hits_at_5": 0.05765308839718427,
        "hits_at_10": 0.0799654515997319,
        "hits_at_20": 0.12943178176708803
      },
      "micro_minus_macro_gap": {
        "mrr": 0.01540662148496616,
        "hits_at_1": 0.012948249154252422,
        "hits_at_3": 0.013969858340239658,
        "hits_at_5": 0.011941254736421984,
        "hits_at_10": 0.02237917065557142,
        "hits_at_20": 0.02762069311195925
      }
    },
    "head": {
      "micro": {
        "mrr": 0.00373286200111667,
        "mean_rank": 2554.3152214365464,
        "n": 2687,
        "hits_at_1": 0.0,
        "hits_at_3": 0.0,
        "hits_at_5": 0.0018608113137327876,
        "hits_at_10": 0.00744324525493115,
        "hits_at_20": 0.020468924451060664
      },
      "macro": {
        "mrr": 0.002658226198648449,
        "n_groups": 301,
        "hits_at_1": 0.0,
        "hits_at_3": 0.0,
        "hits_at_5": 0.0010513895480672888,
        "hits_at_10": 0.0036384207578143966,
        "hits_at_20": 0.014423536736519018
      },
      "micro_minus_macro_gap": {
        "mrr": 0.0010746358024682212,
        "hits_at_1": 0.0,
        "hits_at_3": 0.0,
        "hits_at_5": 0.0008094217656654987,
        "hits_at_10": 0.0038048244971167536,
        "hits_at_20": 0.006045387714541646
      }
    },
    "both": {
      "micro": {
        "mrr": 0.02820679097658298,
        "mean_rank": 1370.7668403423893,
        "n": 5374,
        "hits_at_1": 0.009676218831410495,
        "hits_at_3": 0.024748790472646075,
        "hits_at_5": 0.03572757722366952,
        "hits_at_10": 0.05489393375511723,
        "hits_at_20": 0.08876069966505397
      },
      "macro": {
        "mrr": 0.02060309438260499,
        "n_groups": 625,
        "hits_at_1": 0.0033199313228419454,
        "hits_at_3": 0.01841757139845921,
        "hits_at_5": 0.03039371023144953,
        "hits_at_10": 0.04320635354626443,
        "hits_at_20": 0.07404381096036598
      },
      "micro_minus_macro_gap": {
        "mrr": 0.007603696593977988,
        "hits_at_1": 0.006356287508568549,
        "hits_at_3": 0.006331219074186864,
        "hits_at_5": 0.005333866992219986,
        "hits_at_10": 0.0116875802088528,
        "hits_at_20": 0.014716888704687986
      }
    },
    "both_mrr_ci95": [
      0.02527712329159191,
      0.03134623249402783
    ],
    "protocol": "full ranking over same-type candidate pool, filtered (train+valid+test), realistic rank; tail grouped by head, head grouped by tail",
    "both_mean_reciprocal_rank": 0.02820679097658298,
    "both_hits_at_1": 0.009676218831410495,
    "both_hits_at_3": 0.024748790472646075,
    "both_hits_at_5": 0.03572757722366952,
    "both_hits_at_10": 0.05489393375511723,
    "both_hits_at_20": 0.08876069966505397
  },
  "hardneg_auroc": {
    "num_pos": 2687,
    "num_neg": 94,
    "prevalence_floor": 0.9661992089176555,
    "auprc": 0.9090885508866947,
    "auprc_ci95": [
      0.9004644048327303,
      0.9189920131169093
    ],
    "auprc_over_floor": 0.9408914253873829,
    "auroc": 0.28303335999176493,
    "auroc_ci95": [
      0.18981572029234534,
      0.37784456682688117
    ],
    "auroc_floor": 0.5,
    "fpr_at_median_pos": 0.7340425531914894
  },
  "stratified_note": "recompute offline from raw dump + *_proximity.tsv (aggregate.py)"
}