{
  "task": "task1",
  "model": "DistMult",
  "setting": "cold_disease",
  "seed": 42,
  "model_type": "kge",
  "elapsed_sec": 97.9,
  "num_train": 129139,
  "num_test_eval": 1928,
  "num_test_oov": 48,
  "early_stopping": {
    "stopped_early": true,
    "best_epoch": 10,
    "best_metric": 0.0007650508196093142
  },
  "ranking": {
    "tail": {
      "micro": {
        "mrr": 0.01638404275433561,
        "mean_rank": 210.6924273858921,
        "n": 1928,
        "hits_at_1": 0.0015560165975103733,
        "hits_at_3": 0.00933609958506224,
        "hits_at_5": 0.015560165975103735,
        "hits_at_10": 0.028008298755186723,
        "hits_at_20": 0.050311203319502076
      },
      "macro": {
        "mrr": 0.016745118530600102,
        "n_groups": 1108,
        "hits_at_1": 0.0012033694344163657,
        "hits_at_3": 0.009087946249498595,
        "hits_at_5": 0.01601734857601284,
        "hits_at_10": 0.03309015242679503,
        "hits_at_20": 0.058198670563291505
      },
      "micro_minus_macro_gap": {
        "mrr": -0.00036107577626449255,
        "hits_at_1": 0.0003526471630940077,
        "hits_at_3": 0.00024815333556364554,
        "hits_at_5": -0.00045718260090910415,
        "hits_at_10": -0.0050818536716083045,
        "hits_at_20": -0.007887467243789428
      }
    },
    "head": {
      "micro": {
        "mrr": 0.0014667838811859284,
        "mean_rank": 4122.186721991701,
        "n": 1928,
        "hits_at_1": 0.0005186721991701245,
        "hits_at_3": 0.0005186721991701245,
        "hits_at_5": 0.0005186721991701245,
        "hits_at_10": 0.001037344398340249,
        "hits_at_20": 0.0025933609958506223
      },
      "macro": {
        "mrr": 0.000636856632567448,
        "n_groups": 20,
        "hits_at_1": 7.788161993769471e-05,
        "hits_at_3": 7.788161993769471e-05,
        "hits_at_5": 7.788161993769471e-05,
        "hits_at_10": 0.00015576323987538941,
        "hits_at_20": 0.0005496645099448838
      },
      "micro_minus_macro_gap": {
        "mrr": 0.0008299272486184805,
        "hits_at_1": 0.00044079057923242975,
        "hits_at_3": 0.00044079057923242975,
        "hits_at_5": 0.00044079057923242975,
        "hits_at_10": 0.0008815811584648595,
        "hits_at_20": 0.0020436964859057386
      }
    },
    "both": {
      "micro": {
        "mrr": 0.00892541331776077,
        "mean_rank": 2166.4395746887967,
        "n": 3856,
        "hits_at_1": 0.001037344398340249,
        "hits_at_3": 0.004927385892116182,
        "hits_at_5": 0.008039419087136929,
        "hits_at_10": 0.014522821576763486,
        "hits_at_20": 0.026452282157676348
      },
      "macro": {
        "mrr": 0.016459511050138532,
        "n_groups": 1128,
        "hits_at_1": 0.0011834139767128431,
        "hits_at_3": 0.008928193330534748,
        "hits_at_5": 0.015734733913671077,
        "hits_at_10": 0.03250620935610496,
        "hits_at_20": 0.05717652506589174
      },
      "micro_minus_macro_gap": {
        "mrr": -0.007534097732377763,
        "hits_at_1": -0.00014606957837259415,
        "hits_at_3": -0.004000807438418566,
        "hits_at_5": -0.007695314826534148,
        "hits_at_10": -0.017983387779341473,
        "hits_at_20": -0.030724242908215394
      }
    },
    "both_mrr_ci95": [
      0.00758521510780374,
      0.010430394988069898
    ],
    "protocol": "full ranking over same-type candidate pool, filtered (train+valid+test), realistic rank; tail grouped by head, head grouped by tail",
    "both_mean_reciprocal_rank": 0.00892541331776077,
    "both_hits_at_1": 0.001037344398340249,
    "both_hits_at_3": 0.004927385892116182,
    "both_hits_at_5": 0.008039419087136929,
    "both_hits_at_10": 0.014522821576763486,
    "both_hits_at_20": 0.026452282157676348
  },
  "hardneg_auroc": {
    "num_pos": 1928,
    "num_neg": 78,
    "prevalence_floor": 0.9611166500498505,
    "auprc": 0.928203864226069,
    "auprc_ci95": [
      0.9152742203476445,
      0.9432773755067191
    ],
    "auprc_over_floor": 0.9657556803099038,
    "auroc": 0.4576417704011065,
    "auroc_ci95": [
      0.34863416320885204,
      0.5577029471220343
    ],
    "auroc_floor": 0.5,
    "fpr_at_median_pos": 0.5641025641025641
  },
  "stratified_note": "recompute offline from raw dump + *_proximity.tsv (aggregate.py)"
}