{
  "task": "task1",
  "model": "L3",
  "setting": "cold_microbe",
  "seed": 42,
  "model_type": "structural",
  "elapsed_sec": 3.1,
  "num_train": 127386,
  "num_test_eval": 2687,
  "num_test_oov": 168,
  "early_stopping": null,
  "ranking": {
    "tail": {
      "micro": {
        "mrr": 0.16514844591625935,
        "mean_rank": 59.5215854112393,
        "n": 2687,
        "hits_at_1": 0.06363974692966133,
        "hits_at_3": 0.17714923706736138,
        "hits_at_5": 0.2512095273539263,
        "hits_at_10": 0.3703014514328247,
        "hits_at_20": 0.5206550055824339
      },
      "macro": {
        "mrr": 0.27965924151065286,
        "n_groups": 324,
        "hits_at_1": 0.1484429069793448,
        "hits_at_3": 0.3300078703508972,
        "hits_at_5": 0.42583197446102816,
        "hits_at_10": 0.5376733459436471,
        "hits_at_20": 0.6829706763572593
      },
      "micro_minus_macro_gap": {
        "mrr": -0.1145107955943935,
        "hits_at_1": -0.08480316004968348,
        "hits_at_3": -0.1528586332835358,
        "hits_at_5": -0.17462244710710184,
        "hits_at_10": -0.1673718945108224,
        "hits_at_20": -0.16231567077482534
      }
    },
    "head": {
      "micro": {
        "mrr": 0.0005346677730359156,
        "mean_rank": 5352.468924451061,
        "n": 2687,
        "hits_at_1": 0.0,
        "hits_at_3": 0.0,
        "hits_at_5": 0.0,
        "hits_at_10": 0.0003721622627465575,
        "hits_at_20": 0.0003721622627465575
      },
      "macro": {
        "mrr": 0.0013668720758838176,
        "n_groups": 301,
        "hits_at_1": 0.0,
        "hits_at_3": 0.0,
        "hits_at_5": 0.0,
        "hits_at_10": 0.0033222591362126247,
        "hits_at_20": 0.0033222591362126247
      },
      "micro_minus_macro_gap": {
        "mrr": -0.0008322043028479019,
        "hits_at_1": 0.0,
        "hits_at_3": 0.0,
        "hits_at_5": 0.0,
        "hits_at_10": -0.002950096873466067,
        "hits_at_20": -0.002950096873466067
      }
    },
    "both": {
      "micro": {
        "mrr": 0.08284155684464763,
        "mean_rank": 2705.99525493115,
        "n": 5374,
        "hits_at_1": 0.031819873464830666,
        "hits_at_3": 0.08857461853368069,
        "hits_at_5": 0.12560476367696316,
        "hits_at_10": 0.18533680684778564,
        "hits_at_20": 0.2605135839225903
      },
      "macro": {
        "mrr": 0.14563363639086807,
        "n_groups": 625,
        "hits_at_1": 0.07695280297809233,
        "hits_at_3": 0.17107607998990512,
        "hits_at_5": 0.220751295560597,
        "hits_at_10": 0.2803298625371866,
        "hits_at_20": 0.3556519986236032
      },
      "micro_minus_macro_gap": {
        "mrr": -0.06279207954622044,
        "hits_at_1": -0.045132929513261665,
        "hits_at_3": -0.08250146145622443,
        "hits_at_5": -0.09514653188363384,
        "hits_at_10": -0.09499305568940097,
        "hits_at_20": -0.09513841470101292
      }
    },
    "both_mrr_ci95": [
      0.07770796665606507,
      0.08799758527449218
    ],
    "protocol": "full ranking over same-type candidate pool, filtered (train+valid+test), realistic rank; tail grouped by head, head grouped by tail",
    "both_mean_reciprocal_rank": 0.08284155684464763,
    "both_hits_at_1": 0.031819873464830666,
    "both_hits_at_3": 0.08857461853368069,
    "both_hits_at_5": 0.12560476367696316,
    "both_hits_at_10": 0.18533680684778564,
    "both_hits_at_20": 0.2605135839225903
  },
  "hardneg_auroc": {
    "num_pos": 2687,
    "num_neg": 94,
    "prevalence_floor": 0.9661992089176555,
    "auprc": 0.9586236502424361,
    "auprc_ci95": [
      0.9505205093866338,
      0.9668377353528236
    ],
    "auprc_over_floor": 0.9921594236413155,
    "auroc": 0.4403986095384397,
    "auroc_ci95": [
      0.38498716238152175,
      0.49228080038641525
    ],
    "auroc_floor": 0.5,
    "fpr_at_median_pos": 0.5425531914893617
  },
  "stratified_note": "recompute offline from raw dump + *_proximity.tsv (aggregate.py)"
}