{
  "task": "task1",
  "model": "L3",
  "setting": "transductive_with_bridges",
  "seed": 42,
  "model_type": "structural",
  "elapsed_sec": 88.9,
  "num_train": 3675029,
  "num_test_eval": 5531,
  "num_test_oov": 195,
  "early_stopping": null,
  "ranking": {
    "tail": {
      "micro": {
        "mrr": 0.17402963494217788,
        "mean_rank": 60.51681431929127,
        "n": 5531,
        "hits_at_1": 0.08298680166335201,
        "hits_at_3": 0.19743265232326884,
        "hits_at_5": 0.26631712167781596,
        "hits_at_10": 0.3637678539143012,
        "hits_at_20": 0.45181703127824985
      },
      "macro": {
        "mrr": 0.19273033000915907,
        "n_groups": 2326,
        "hits_at_1": 0.08842032547395365,
        "hits_at_3": 0.22143817962021448,
        "hits_at_5": 0.3026090944271998,
        "hits_at_10": 0.42033186302691705,
        "hits_at_20": 0.5115890291507604
      },
      "micro_minus_macro_gap": {
        "mrr": -0.018700695066981188,
        "hits_at_1": -0.005433523810601637,
        "hits_at_3": -0.024005527296945633,
        "hits_at_5": -0.03629197274938384,
        "hits_at_10": -0.05656400911261583,
        "hits_at_20": -0.059771997872510585
      }
    },
    "head": {
      "micro": {
        "mrr": 0.0033759486322390672,
        "mean_rank": 2294.0354366299043,
        "n": 5531,
        "hits_at_1": 0.0005423973964924968,
        "hits_at_3": 0.001446393057313325,
        "hits_at_5": 0.002711986982462484,
        "hits_at_10": 0.006147170493581631,
        "hits_at_20": 0.01030555053335744
      },
      "macro": {
        "mrr": 0.006480901335058909,
        "n_groups": 339,
        "hits_at_1": 0.0001334457086669476,
        "hits_at_3": 0.0010304768805001689,
        "hits_at_5": 0.0076333610220073785,
        "hits_at_10": 0.016013140260063553,
        "hits_at_20": 0.026136911770000458
      },
      "micro_minus_macro_gap": {
        "mrr": -0.003104952702819842,
        "hits_at_1": 0.00040895168782554924,
        "hits_at_3": 0.00041591617681315603,
        "hits_at_5": -0.004921374039544894,
        "hits_at_10": -0.009865969766481922,
        "hits_at_20": -0.01583136123664302
      }
    },
    "both": {
      "micro": {
        "mrr": 0.08870279178720847,
        "mean_rank": 1177.2761254745976,
        "n": 11062,
        "hits_at_1": 0.04176459952992226,
        "hits_at_3": 0.09943952269029109,
        "hits_at_5": 0.1345145543301392,
        "hits_at_10": 0.1849575122039414,
        "hits_at_20": 0.23106129090580366
      },
      "macro": {
        "mrr": 0.16903856403523038,
        "n_groups": 2665,
        "hits_at_1": 0.07718983682838809,
        "hits_at_3": 0.19340132737677612,
        "hits_at_5": 0.26508685291712086,
        "hits_at_10": 0.36890070091886323,
        "hits_at_20": 0.4498373339192116
      },
      "micro_minus_macro_gap": {
        "mrr": -0.08033577224802191,
        "hits_at_1": -0.035425237298465834,
        "hits_at_3": -0.09396180468648503,
        "hits_at_5": -0.13057229858698166,
        "hits_at_10": -0.18394318871492182,
        "hits_at_20": -0.21877604301340794
      }
    },
    "both_mrr_ci95": [
      0.08452815740142129,
      0.09308746763348644
    ],
    "protocol": "full ranking over same-type candidate pool, filtered (train+valid+test), realistic rank; tail grouped by head, head grouped by tail",
    "both_mean_reciprocal_rank": 0.08870279178720847,
    "both_hits_at_1": 0.04176459952992226,
    "both_hits_at_3": 0.09943952269029109,
    "both_hits_at_5": 0.1345145543301392,
    "both_hits_at_10": 0.1849575122039414,
    "both_hits_at_20": 0.23106129090580366
  },
  "hardneg_auroc": {
    "num_pos": 5531,
    "num_neg": 504,
    "prevalence_floor": 0.9164871582435791,
    "auprc": 0.8400678390532779,
    "auprc_ci95": [
      0.8339318127507348,
      0.8466776158744933
    ],
    "auprc_over_floor": 0.9166171413282467,
    "auroc": 0.20777299951499917,
    "auroc_ci95": [
      0.18792798544566985,
      0.2262227079405257
    ],
    "auroc_floor": 0.5,
    "fpr_at_median_pos": 0.9027777777777778
  },
  "stratified_note": "recompute offline from raw dump + *_proximity.tsv (aggregate.py)"
}