{
  "task": "task1",
  "model": "L3",
  "setting": "transductive",
  "seed": 42,
  "model_type": "structural",
  "elapsed_sec": 11.4,
  "num_train": 120868,
  "num_test_eval": 5531,
  "num_test_oov": 195,
  "early_stopping": null,
  "ranking": {
    "tail": {
      "micro": {
        "mrr": 0.17732989581418898,
        "mean_rank": 39.17302476948111,
        "n": 5531,
        "hits_at_1": 0.06924606761887543,
        "hits_at_3": 0.19417826794431386,
        "hits_at_5": 0.2813234496474417,
        "hits_at_10": 0.4095100343518351,
        "hits_at_20": 0.543662990417646
      },
      "macro": {
        "mrr": 0.2028343367383976,
        "n_groups": 2326,
        "hits_at_1": 0.07935362198250531,
        "hits_at_3": 0.2293966493554796,
        "hits_at_5": 0.3299057985994881,
        "hits_at_10": 0.476232315454763,
        "hits_at_20": 0.6089190230962352
      },
      "micro_minus_macro_gap": {
        "mrr": -0.025504440924208616,
        "hits_at_1": -0.010107554363629881,
        "hits_at_3": -0.03521838141116573,
        "hits_at_5": -0.048582348952046384,
        "hits_at_10": -0.06672228110292794,
        "hits_at_20": -0.06525603267858926
      }
    },
    "head": {
      "micro": {
        "mrr": 0.0250599621878115,
        "mean_rank": 907.2739106852287,
        "n": 5531,
        "hits_at_1": 0.007955161815223287,
        "hits_at_3": 0.01771831495208823,
        "hits_at_5": 0.024588681974326523,
        "hits_at_10": 0.04284939432290725,
        "hits_at_20": 0.08135960947387452
      },
      "macro": {
        "mrr": 0.031437631164028874,
        "n_groups": 339,
        "hits_at_1": 0.0037763042214377677,
        "hits_at_3": 0.01538528516960674,
        "hits_at_5": 0.031179975914395523,
        "hits_at_10": 0.06809637443391195,
        "hits_at_20": 0.1391948297203905
      },
      "micro_minus_macro_gap": {
        "mrr": -0.006377668976217374,
        "hits_at_1": 0.004178857593785519,
        "hits_at_3": 0.0023330297824814897,
        "hits_at_5": -0.006591293940069,
        "hits_at_10": -0.0252469801110047,
        "hits_at_20": -0.05783522024651597
      }
    },
    "both": {
      "micro": {
        "mrr": 0.10119492900100023,
        "mean_rank": 473.2234677273549,
        "n": 11062,
        "hits_at_1": 0.038600614717049356,
        "hits_at_3": 0.10594829144820105,
        "hits_at_5": 0.1529560658108841,
        "hits_at_10": 0.2261797143373712,
        "hits_at_20": 0.31251129994576027
      },
      "macro": {
        "mrr": 0.18103190402180813,
        "n_groups": 2665,
        "hits_at_1": 0.06973984685267345,
        "hits_at_3": 0.20217344017761432,
        "hits_at_5": 0.29190652884705043,
        "hits_at_10": 0.42431558599657593,
        "hits_at_20": 0.5491679906180322
      },
      "micro_minus_macro_gap": {
        "mrr": -0.0798369750208079,
        "hits_at_1": -0.031139232135624098,
        "hits_at_3": -0.09622514872941328,
        "hits_at_5": -0.13895046303616632,
        "hits_at_10": -0.19813587165920474,
        "hits_at_20": -0.23665669067227196
      }
    },
    "both_mrr_ci95": [
      0.09708501589418508,
      0.10506110707774713
    ],
    "protocol": "full ranking over same-type candidate pool, filtered (train+valid+test), realistic rank; tail grouped by head, head grouped by tail",
    "both_mean_reciprocal_rank": 0.10119492900100023,
    "both_hits_at_1": 0.038600614717049356,
    "both_hits_at_3": 0.10594829144820105,
    "both_hits_at_5": 0.1529560658108841,
    "both_hits_at_10": 0.2261797143373712,
    "both_hits_at_20": 0.31251129994576027
  },
  "hardneg_auroc": {
    "num_pos": 5531,
    "num_neg": 504,
    "prevalence_floor": 0.9164871582435791,
    "auprc": 0.8346816201766809,
    "auprc_ci95": [
      0.8289826188708315,
      0.8416504332658583
    ],
    "auprc_over_floor": 0.910740115307588,
    "auroc": 0.1960203384674547,
    "auroc_ci95": [
      0.17859701039308026,
      0.21450520676389642
    ],
    "auroc_floor": 0.5,
    "fpr_at_median_pos": 0.8988095238095238
  },
  "stratified_note": "recompute offline from raw dump + *_proximity.tsv (aggregate.py)"
}