{
  "task": "task1",
  "model": "PairRE",
  "setting": "transductive_with_bridges",
  "seed": 42,
  "model_type": "kge",
  "elapsed_sec": 7266.4,
  "num_train": 3675029,
  "num_test_eval": 5531,
  "num_test_oov": 195,
  "early_stopping": {
    "stopped_early": true,
    "best_epoch": 80,
    "best_metric": 0.06563151627779007
  },
  "ranking": {
    "tail": {
      "micro": {
        "mrr": 0.11184076687251414,
        "mean_rank": 61.75302838546375,
        "n": 5531,
        "hits_at_1": 0.04230699692641475,
        "hits_at_3": 0.10522509491954439,
        "hits_at_5": 0.14988248056409328,
        "hits_at_10": 0.24462122581811607,
        "hits_at_20": 0.37787018622310614
      },
      "macro": {
        "mrr": 0.12010438338779673,
        "n_groups": 2326,
        "hits_at_1": 0.046320762093548,
        "hits_at_3": 0.11788265454622143,
        "hits_at_5": 0.16551037879255756,
        "hits_at_10": 0.26199016888897825,
        "hits_at_20": 0.3964585381284137
      },
      "micro_minus_macro_gap": {
        "mrr": -0.008263616515282596,
        "hits_at_1": -0.004013765167133247,
        "hits_at_3": -0.012657559626677042,
        "hits_at_5": -0.015627898228464276,
        "hits_at_10": -0.017368943070862175,
        "hits_at_20": -0.018588351905307554
      }
    },
    "head": {
      "micro": {
        "mrr": 0.02188789599408101,
        "mean_rank": 1630.8962212981378,
        "n": 5531,
        "hits_at_1": 0.007774362683059121,
        "hits_at_3": 0.017537515819924063,
        "hits_at_5": 0.024407882842162356,
        "hits_at_10": 0.04067980473693726,
        "hits_at_20": 0.06689567890074127
      },
      "macro": {
        "mrr": 0.026926880193091002,
        "n_groups": 339,
        "hits_at_1": 0.007117211057087963,
        "hits_at_3": 0.025843414586215866,
        "hits_at_5": 0.033092116880398335,
        "hits_at_10": 0.050173378058058736,
        "hits_at_20": 0.08333997940472862
      },
      "micro_minus_macro_gap": {
        "mrr": -0.005038984199009992,
        "hits_at_1": 0.0006571516259711585,
        "hits_at_3": -0.008305898766291803,
        "hits_at_5": -0.00868423403823598,
        "hits_at_10": -0.009493573321121475,
        "hits_at_20": -0.016444300503987347
      }
    },
    "both": {
      "micro": {
        "mrr": 0.06686433143329758,
        "mean_rank": 846.3246248418008,
        "n": 11062,
        "hits_at_1": 0.025040679804736937,
        "hits_at_3": 0.061381305369734226,
        "hits_at_5": 0.08714518170312782,
        "hits_at_10": 0.14265051527752667,
        "hits_at_20": 0.2223829325619237
      },
      "macro": {
        "mrr": 0.10825178542044017,
        "n_groups": 2665,
        "hits_at_1": 0.041333893875401664,
        "hits_at_3": 0.10617484878770664,
        "hits_at_5": 0.14866617962249304,
        "hits_at_10": 0.23504611932361918,
        "hits_at_20": 0.35662844754405
      },
      "micro_minus_macro_gap": {
        "mrr": -0.041387453987142594,
        "hits_at_1": -0.016293214070664728,
        "hits_at_3": -0.04479354341797241,
        "hits_at_5": -0.06152099791936522,
        "hits_at_10": -0.09239560404609251,
        "hits_at_20": -0.13424551498212628
      }
    },
    "both_mrr_ci95": [
      0.06378131279091717,
      0.06979716337119457
    ],
    "protocol": "full ranking over same-type candidate pool, filtered (train+valid+test), realistic rank; tail grouped by head, head grouped by tail",
    "both_mean_reciprocal_rank": 0.06686433143329758,
    "both_hits_at_1": 0.025040679804736937,
    "both_hits_at_3": 0.061381305369734226,
    "both_hits_at_5": 0.08714518170312782,
    "both_hits_at_10": 0.14265051527752667,
    "both_hits_at_20": 0.2223829325619237
  },
  "hardneg_auroc": {
    "num_pos": 5531,
    "num_neg": 504,
    "prevalence_floor": 0.9164871582435791,
    "auprc": 0.7778288173496919,
    "auprc_ci95": [
      0.7766873657777563,
      0.7793627212800418
    ],
    "auprc_over_floor": 0.8487067280248402,
    "auroc": 0.02218197289160948,
    "auroc_ci95": [
      0.016112359486071294,
      0.028994844713634265
    ],
    "auroc_floor": 0.5,
    "fpr_at_median_pos": 0.9940476190476191
  },
  "stratified_note": "recompute offline from raw dump + *_proximity.tsv (aggregate.py)"
}