{
  "task": "task1",
  "model": "PairRE",
  "setting": "transductive",
  "seed": 42,
  "model_type": "kge",
  "elapsed_sec": 212.6,
  "num_train": 120868,
  "num_test_eval": 5531,
  "num_test_oov": 195,
  "early_stopping": {
    "stopped_early": true,
    "best_epoch": 45,
    "best_metric": 0.07802919298410416
  },
  "ranking": {
    "tail": {
      "micro": {
        "mrr": 0.131327789862409,
        "mean_rank": 55.06454529018261,
        "n": 5531,
        "hits_at_1": 0.052612547459772195,
        "hits_at_3": 0.12601699511842343,
        "hits_at_5": 0.18803109745073224,
        "hits_at_10": 0.2907250045199783,
        "hits_at_20": 0.43012113541855
      },
      "macro": {
        "mrr": 0.13013647591601737,
        "n_groups": 2326,
        "hits_at_1": 0.05161093904205796,
        "hits_at_3": 0.12933309641808088,
        "hits_at_5": 0.18786032090393934,
        "hits_at_10": 0.28465141482959905,
        "hits_at_20": 0.41346932816478404
      },
      "micro_minus_macro_gap": {
        "mrr": 0.0011913139463916311,
        "hits_at_1": 0.0010016084177142323,
        "hits_at_3": -0.0033161012996574535,
        "hits_at_5": 0.0001707765467929001,
        "hits_at_10": 0.006073589690379244,
        "hits_at_20": 0.01665180725376597
      }
    },
    "head": {
      "micro": {
        "mrr": 0.03319447627709636,
        "mean_rank": 980.6592840354366,
        "n": 5531,
        "hits_at_1": 0.009582354004700777,
        "hits_at_3": 0.027662267221117337,
        "hits_at_5": 0.04339179171939975,
        "hits_at_10": 0.0688844693545471,
        "hits_at_20": 0.11227626107394685
      },
      "macro": {
        "mrr": 0.05674480219381759,
        "n_groups": 339,
        "hits_at_1": 0.024801061758355513,
        "hits_at_3": 0.048430087863995865,
        "hits_at_5": 0.06749449374310809,
        "hits_at_10": 0.1089224361102736,
        "hits_at_20": 0.16775215051835313
      },
      "micro_minus_macro_gap": {
        "mrr": -0.02355032591672123,
        "hits_at_1": -0.015218707753654736,
        "hits_at_3": -0.020767820642878528,
        "hits_at_5": -0.024102702023708344,
        "hits_at_10": -0.04003796675572649,
        "hits_at_20": -0.055475889444406276
      }
    },
    "both": {
      "micro": {
        "mrr": 0.08226113306975268,
        "mean_rank": 517.8619146628096,
        "n": 11062,
        "hits_at_1": 0.031097450732236485,
        "hits_at_3": 0.07683963116977038,
        "hits_at_5": 0.11571144458506599,
        "hits_at_10": 0.1798047369372627,
        "hits_at_20": 0.2711986982462484
      },
      "macro": {
        "mrr": 0.12080072454947867,
        "n_groups": 2665,
        "hits_at_1": 0.04820060193167329,
        "hits_at_3": 0.11904186943878077,
        "hits_at_5": 0.1725492457041188,
        "hits_at_10": 0.26229789746154974,
        "hits_at_20": 0.38221299674934683
      },
      "micro_minus_macro_gap": {
        "mrr": -0.03853959147972599,
        "hits_at_1": -0.017103151199436804,
        "hits_at_3": -0.042202238269010386,
        "hits_at_5": -0.056837801119052817,
        "hits_at_10": -0.08249316052428704,
        "hits_at_20": -0.11101429850309841
      }
    },
    "both_mrr_ci95": [
      0.0788474982058794,
      0.08579699673599071
    ],
    "protocol": "full ranking over same-type candidate pool, filtered (train+valid+test), realistic rank; tail grouped by head, head grouped by tail",
    "both_mean_reciprocal_rank": 0.08226113306975268,
    "both_hits_at_1": 0.031097450732236485,
    "both_hits_at_3": 0.07683963116977038,
    "both_hits_at_5": 0.11571144458506599,
    "both_hits_at_10": 0.1798047369372627,
    "both_hits_at_20": 0.2711986982462484
  },
  "hardneg_auroc": {
    "num_pos": 5531,
    "num_neg": 504,
    "prevalence_floor": 0.9164871582435791,
    "auprc": 0.7814176445961298,
    "auprc_ci95": [
      0.7799870734369734,
      0.7831701422351526
    ],
    "auprc_over_floor": 0.8526225791245062,
    "auroc": 0.035530616754626876,
    "auroc_ci95": [
      0.02926022304299288,
      0.04218950439514081
    ],
    "auroc_floor": 0.5,
    "fpr_at_median_pos": 0.998015873015873
  },
  "stratified_note": "recompute offline from raw dump + *_proximity.tsv (aggregate.py)"
}