{
  "task": "task1",
  "model": "Popularity",
  "setting": "cold_microbe",
  "seed": 42,
  "model_type": "trivial",
  "elapsed_sec": 0.2,
  "num_train": 127386,
  "num_test_eval": 2687,
  "num_test_oov": 168,
  "early_stopping": null,
  "ranking": {
    "tail": {
      "micro": {
        "mrr": 0.14903383954821467,
        "mean_rank": 49.04912541868254,
        "n": 2687,
        "hits_at_1": 0.0621510978786751,
        "hits_at_3": 0.14663193152214365,
        "hits_at_5": 0.20878302940081875,
        "hits_at_10": 0.3368068477856345,
        "hits_at_20": 0.4815779679940454
      },
      "macro": {
        "mrr": 0.16758578851573558,
        "n_groups": 324,
        "hits_at_1": 0.06122793102788613,
        "hits_at_3": 0.15065160711994807,
        "hits_at_5": 0.252339844565146,
        "hits_at_10": 0.48078575356811215,
        "hits_at_20": 0.6021945150253649
      },
      "micro_minus_macro_gap": {
        "mrr": -0.01855194896752091,
        "hits_at_1": 0.0009231668507889701,
        "hits_at_3": -0.004019675597804417,
        "hits_at_5": -0.04355681516432727,
        "hits_at_10": -0.14397890578247763,
        "hits_at_20": -0.12061654703131952
      }
    },
    "head": {
      "micro": {
        "mrr": 0.0014209396895266237,
        "mean_rank": 3696.9802754000743,
        "n": 2687,
        "hits_at_1": 0.0,
        "hits_at_3": 0.0,
        "hits_at_5": 0.0,
        "hits_at_10": 0.0003721622627465575,
        "hits_at_20": 0.0018608113137327876
      },
      "macro": {
        "mrr": 0.001341338943678983,
        "n_groups": 301,
        "hits_at_1": 0.0,
        "hits_at_3": 0.0,
        "hits_at_5": 0.0,
        "hits_at_10": 3.53431823001343e-05,
        "hits_at_20": 0.0003228650925120602
      },
      "micro_minus_macro_gap": {
        "mrr": 7.960074584764079e-05,
        "hits_at_1": 0.0,
        "hits_at_3": 0.0,
        "hits_at_5": 0.0,
        "hits_at_10": 0.0003368190804464232,
        "hits_at_20": 0.0015379462212207274
      }
    },
    "both": {
      "micro": {
        "mrr": 0.07522738961887065,
        "mean_rank": 1873.0147004093785,
        "n": 5374,
        "hits_at_1": 0.03107554893933755,
        "hits_at_3": 0.07331596576107183,
        "hits_at_5": 0.10439151470040937,
        "hits_at_10": 0.16858950502419054,
        "hits_at_20": 0.2417193896538891
      },
      "macro": {
        "mrr": 0.08752246160183312,
        "n_groups": 625,
        "hits_at_1": 0.031740559444856174,
        "hits_at_3": 0.07809779313098107,
        "hits_at_5": 0.13081297542257167,
        "hits_at_10": 0.2492563559263051,
        "hits_at_20": 0.312333128417703
      },
      "micro_minus_macro_gap": {
        "mrr": -0.012295071982962466,
        "hits_at_1": -0.0006650105055186241,
        "hits_at_3": -0.0047818273699092445,
        "hits_at_5": -0.026421460722162296,
        "hits_at_10": -0.08066685090211456,
        "hits_at_20": -0.07061373876381391
      }
    },
    "both_mrr_ci95": [
      0.07035342013877789,
      0.08039009553417614
    ],
    "protocol": "full ranking over same-type candidate pool, filtered (train+valid+test), realistic rank; tail grouped by head, head grouped by tail",
    "both_mean_reciprocal_rank": 0.07522738961887065,
    "both_hits_at_1": 0.03107554893933755,
    "both_hits_at_3": 0.07331596576107183,
    "both_hits_at_5": 0.10439151470040937,
    "both_hits_at_10": 0.16858950502419054,
    "both_hits_at_20": 0.2417193896538891
  },
  "hardneg_auroc": {
    "num_pos": 2855,
    "num_neg": 94,
    "prevalence_floor": 0.9681247880637505,
    "auprc": 0.9479067852086871,
    "auprc_ci95": [
      0.9419070690961907,
      0.9537285979027574
    ],
    "auprc_over_floor": 0.9791163255973444,
    "auroc": 0.28889592726459734,
    "auroc_ci95": [
      0.24228457912583373,
      0.3366814006781682
    ],
    "auroc_floor": 0.5,
    "fpr_at_median_pos": 0.8297872340425532
  },
  "stratified_note": "recompute offline from raw dump + *_proximity.tsv (aggregate.py)"
}