{
  "task": "task1",
  "model": "Popularity",
  "setting": "transductive",
  "seed": 42,
  "model_type": "trivial",
  "elapsed_sec": 0.3,
  "num_train": 120868,
  "num_test_eval": 5531,
  "num_test_oov": 195,
  "early_stopping": null,
  "ranking": {
    "tail": {
      "micro": {
        "mrr": 0.151691764321785,
        "mean_rank": 47.481106490688845,
        "n": 5531,
        "hits_at_1": 0.06526848671126378,
        "hits_at_3": 0.14735129271379496,
        "hits_at_5": 0.2165973603326704,
        "hits_at_10": 0.3408063641294522,
        "hits_at_20": 0.47080094015548724
      },
      "macro": {
        "mrr": 0.15973109416293138,
        "n_groups": 2326,
        "hits_at_1": 0.0686719308590687,
        "hits_at_3": 0.14856774314179264,
        "hits_at_5": 0.22810452410479518,
        "hits_at_10": 0.37833018256557455,
        "hits_at_20": 0.5136596938064283
      },
      "micro_minus_macro_gap": {
        "mrr": -0.008039329841146386,
        "hits_at_1": -0.0034034441478049127,
        "hits_at_3": -0.0012164504279976729,
        "hits_at_5": -0.011507163772124768,
        "hits_at_10": -0.03752381843612235,
        "hits_at_20": -0.04285875365094105
      }
    },
    "head": {
      "micro": {
        "mrr": 0.021092680222889546,
        "mean_rank": 1147.5237750858796,
        "n": 5531,
        "hits_at_1": 0.008497559211715784,
        "hits_at_3": 0.016271921894774905,
        "hits_at_5": 0.021515096727535706,
        "hits_at_10": 0.0341710359790273,
        "hits_at_20": 0.058217320556861324
      },
      "macro": {
        "mrr": 0.02836113657935002,
        "n_groups": 339,
        "hits_at_1": 0.010274399758776826,
        "hits_at_3": 0.023346065949011348,
        "hits_at_5": 0.02642394464429192,
        "hits_at_10": 0.05151277866356326,
        "hits_at_20": 0.09164715388931216
      },
      "micro_minus_macro_gap": {
        "mrr": -0.007268456356460475,
        "hits_at_1": -0.0017768405470610423,
        "hits_at_3": -0.007074144054236443,
        "hits_at_5": -0.0049088479167562135,
        "hits_at_10": -0.017341742684535963,
        "hits_at_20": -0.03342983333245084
      }
    },
    "both": {
      "micro": {
        "mrr": 0.08639222227233728,
        "mean_rank": 597.5024407882842,
        "n": 11062,
        "hits_at_1": 0.036883022961489785,
        "hits_at_3": 0.08181160730428494,
        "hits_at_5": 0.11905622853010306,
        "hits_at_10": 0.18748870005423973,
        "hits_at_20": 0.2645091303561743
      },
      "macro": {
        "mrr": 0.14302024402378166,
        "n_groups": 2665,
        "hits_at_1": 0.06124350194987585,
        "hits_at_3": 0.13263898195291726,
        "hits_at_5": 0.20244984626723017,
        "hits_at_10": 0.33675753719117235,
        "hits_at_20": 0.4599777984848889
      },
      "micro_minus_macro_gap": {
        "mrr": -0.05662802175144438,
        "hits_at_1": -0.024360478988386065,
        "hits_at_3": -0.05082737464863232,
        "hits_at_5": -0.08339361773712711,
        "hits_at_10": -0.14926883713693262,
        "hits_at_20": -0.1954686681287146
      }
    },
    "both_mrr_ci95": [
      0.0826048057507977,
      0.0902178545870621
    ],
    "protocol": "full ranking over same-type candidate pool, filtered (train+valid+test), realistic rank; tail grouped by head, head grouped by tail",
    "both_mean_reciprocal_rank": 0.08639222227233728,
    "both_hits_at_1": 0.036883022961489785,
    "both_hits_at_3": 0.08181160730428494,
    "both_hits_at_5": 0.11905622853010306,
    "both_hits_at_10": 0.18748870005423973,
    "both_hits_at_20": 0.2645091303561743
  },
  "hardneg_auroc": {
    "num_pos": 5726,
    "num_neg": 505,
    "prevalence_floor": 0.9189536190017654,
    "auprc": 0.8733140165443231,
    "auprc_ci95": [
      0.8670394004937636,
      0.8799330526246458
    ],
    "auprc_over_floor": 0.9503352492294231,
    "auroc": 0.30039164761743375,
    "auroc_ci95": [
      0.27821815896224616,
      0.3229134648969612
    ],
    "auroc_floor": 0.5,
    "fpr_at_median_pos": 0.8118811881188119
  },
  "stratified_note": "recompute offline from raw dump + *_proximity.tsv (aggregate.py)"
}