{
  "task": "task1",
  "model": "Popularity",
  "setting": "transductive_with_bridges",
  "seed": 42,
  "model_type": "trivial",
  "elapsed_sec": 4.0,
  "num_train": 3675029,
  "num_test_eval": 5531,
  "num_test_oov": 195,
  "early_stopping": null,
  "ranking": {
    "tail": {
      "micro": {
        "mrr": 0.1389135113463075,
        "mean_rank": 75.94765865123847,
        "n": 5531,
        "hits_at_1": 0.07141565720484541,
        "hits_at_3": 0.1446393057313325,
        "hits_at_5": 0.19761345145543302,
        "hits_at_10": 0.27734586873983,
        "hits_at_20": 0.37985897667691193
      },
      "macro": {
        "mrr": 0.1222180874131739,
        "n_groups": 2326,
        "hits_at_1": 0.05357265821334571,
        "hits_at_3": 0.12757301852487654,
        "hits_at_5": 0.18118111223932934,
        "hits_at_10": 0.26899415632489765,
        "hits_at_20": 0.38443804647527213
      },
      "micro_minus_macro_gap": {
        "mrr": 0.0166954239331336,
        "hits_at_1": 0.0178429989914997,
        "hits_at_3": 0.01706628720645595,
        "hits_at_5": 0.01643233921610368,
        "hits_at_10": 0.008351712414932377,
        "hits_at_20": -0.0045790697983602024
      }
    },
    "head": {
      "micro": {
        "mrr": 0.0012042146098958507,
        "mean_rank": 2809.137859338275,
        "n": 5531,
        "hits_at_1": 0.0,
        "hits_at_3": 0.0003615982643283312,
        "hits_at_5": 0.0009039956608208281,
        "hits_at_10": 0.001446393057313325,
        "hits_at_20": 0.0019887904538058217
      },
      "macro": {
        "mrr": 0.0012174509031856945,
        "n_groups": 339,
        "hits_at_1": 0.0,
        "hits_at_3": 0.0001919244501233049,
        "hits_at_5": 0.0012465521698651375,
        "hits_at_10": 0.0014492426794319164,
        "hits_at_20": 0.0020949135742877206
      },
      "micro_minus_macro_gap": {
        "mrr": -1.323629328984382e-05,
        "hits_at_1": 0.0,
        "hits_at_3": 0.00016967381420502633,
        "hits_at_5": -0.00034255650904430946,
        "hits_at_10": -2.849622118591532e-06,
        "hits_at_20": -0.00010612312048189883
      }
    },
    "both": {
      "micro": {
        "mrr": 0.07005886297810168,
        "mean_rank": 1442.542758994757,
        "n": 11062,
        "hits_at_1": 0.035707828602422706,
        "hits_at_3": 0.07250045199783041,
        "hits_at_5": 0.09925872355812693,
        "hits_at_10": 0.1393961308985717,
        "hits_at_20": 0.1909238835653589
      },
      "macro": {
        "mrr": 0.10682626160571199,
        "n_groups": 2665,
        "hits_at_1": 0.04675797486087885,
        "hits_at_3": 0.11136956978516123,
        "hits_at_5": 0.15829262598659075,
        "hits_at_10": 0.2349612386041424,
        "hits_at_20": 0.3358022783501563
      },
      "micro_minus_macro_gap": {
        "mrr": -0.036767398627610304,
        "hits_at_1": -0.011050146258456142,
        "hits_at_3": -0.03886911778733082,
        "hits_at_5": -0.05903390242846382,
        "hits_at_10": -0.0955651077055707,
        "hits_at_20": -0.14487839478479742
      }
    },
    "both_mrr_ci95": [
      0.06645107276078148,
      0.07374957891655012
    ],
    "protocol": "full ranking over same-type candidate pool, filtered (train+valid+test), realistic rank; tail grouped by head, head grouped by tail",
    "both_mean_reciprocal_rank": 0.07005886297810168,
    "both_hits_at_1": 0.035707828602422706,
    "both_hits_at_3": 0.07250045199783041,
    "both_hits_at_5": 0.09925872355812693,
    "both_hits_at_10": 0.1393961308985717,
    "both_hits_at_20": 0.1909238835653589
  },
  "hardneg_auroc": {
    "num_pos": 5726,
    "num_neg": 505,
    "prevalence_floor": 0.9189536190017654,
    "auprc": 0.8702729387644518,
    "auprc_ci95": [
      0.8641053263670595,
      0.876614329175082
    ],
    "auprc_over_floor": 0.9470259660218824,
    "auroc": 0.29296504047889943,
    "auroc_ci95": [
      0.2708157293637153,
      0.31302641589691627
    ],
    "auroc_floor": 0.5,
    "fpr_at_median_pos": 0.805940594059406
  },
  "stratified_note": "recompute offline from raw dump + *_proximity.tsv (aggregate.py)"
}