{
  "task": "task1",
  "model": "Popularity",
  "setting": "cold_disease",
  "seed": 42,
  "model_type": "trivial",
  "elapsed_sec": 0.2,
  "num_train": 129139,
  "num_test_eval": 1928,
  "num_test_oov": 48,
  "early_stopping": null,
  "ranking": {
    "tail": {
      "micro": {
        "mrr": 0.002568042299214188,
        "mean_rank": 391.7238070539419,
        "n": 1928,
        "hits_at_1": 0.0,
        "hits_at_3": 0.0,
        "hits_at_5": 0.0,
        "hits_at_10": 0.0,
        "hits_at_20": 0.0
      },
      "macro": {
        "mrr": 0.0025031954910982443,
        "n_groups": 1108,
        "hits_at_1": 0.0,
        "hits_at_3": 0.0,
        "hits_at_5": 0.0,
        "hits_at_10": 0.0,
        "hits_at_20": 0.0
      },
      "micro_minus_macro_gap": {
        "mrr": 6.484680811594387e-05,
        "hits_at_1": 0.0,
        "hits_at_3": 0.0,
        "hits_at_5": 0.0,
        "hits_at_10": 0.0,
        "hits_at_20": 0.0
      }
    },
    "head": {
      "micro": {
        "mrr": 0.019139187706575196,
        "mean_rank": 995.5477178423237,
        "n": 1928,
        "hits_at_1": 0.005186721991701245,
        "hits_at_3": 0.01037344398340249,
        "hits_at_5": 0.017634854771784232,
        "hits_at_10": 0.030601659751037343,
        "hits_at_20": 0.058091286307053944
      },
      "macro": {
        "mrr": 0.018996572884368394,
        "n_groups": 20,
        "hits_at_1": 0.00417731546833946,
        "hits_at_3": 0.00976187837865167,
        "hits_at_5": 0.012260991119690355,
        "hits_at_10": 0.024795536766001054,
        "hits_at_20": 0.05678206449559142
      },
      "micro_minus_macro_gap": {
        "mrr": 0.00014261482220680188,
        "hits_at_1": 0.0010094065233617845,
        "hits_at_3": 0.0006115656047508185,
        "hits_at_5": 0.005373863652093877,
        "hits_at_10": 0.005806122985036289,
        "hits_at_20": 0.0013092218114625215
      }
    },
    "both": {
      "micro": {
        "mrr": 0.01085361500289469,
        "mean_rank": 693.6357624481328,
        "n": 3856,
        "hits_at_1": 0.0025933609958506223,
        "hits_at_3": 0.005186721991701245,
        "hits_at_5": 0.008817427385892116,
        "hits_at_10": 0.015300829875518672,
        "hits_at_20": 0.029045643153526972
      },
      "macro": {
        "mrr": 0.002795631260482467,
        "n_groups": 1128,
        "hits_at_1": 7.406587709821738e-05,
        "hits_at_3": 0.00017308294997609344,
        "hits_at_5": 0.00021739345956897792,
        "hits_at_10": 0.0004396371767021464,
        "hits_at_20": 0.0010067741931842453
      },
      "micro_minus_macro_gap": {
        "mrr": 0.008057983742412223,
        "hits_at_1": 0.002519295118752405,
        "hits_at_3": 0.005013639041725151,
        "hits_at_5": 0.008600033926323138,
        "hits_at_10": 0.014861192698816526,
        "hits_at_20": 0.028038868960342727
      }
    },
    "both_mrr_ci95": [
      0.009048168076535563,
      0.012760752312095312
    ],
    "protocol": "full ranking over same-type candidate pool, filtered (train+valid+test), realistic rank; tail grouped by head, head grouped by tail",
    "both_mean_reciprocal_rank": 0.01085361500289469,
    "both_hits_at_1": 0.0025933609958506223,
    "both_hits_at_3": 0.005186721991701245,
    "both_hits_at_5": 0.008817427385892116,
    "both_hits_at_10": 0.015300829875518672,
    "both_hits_at_20": 0.029045643153526972
  },
  "hardneg_auroc": {
    "num_pos": 1976,
    "num_neg": 78,
    "prevalence_floor": 0.9620253164556962,
    "auprc": 0.9626815947664008,
    "auprc_ci95": [
      0.9580062981295326,
      0.9675331297311912
    ],
    "auprc_over_floor": 1.0006821840334956,
    "auroc": 0.5135666459047026,
    "auroc_ci95": [
      0.45428653456867024,
      0.5721290907557355
    ],
    "auroc_floor": 0.5,
    "fpr_at_median_pos": 0.6538461538461539
  },
  "stratified_note": "recompute offline from raw dump + *_proximity.tsv (aggregate.py)"
}