{
  "task": "task1",
  "model": "RA",
  "setting": "cold_microbe",
  "seed": 42,
  "model_type": "structural",
  "elapsed_sec": 1.1,
  "num_train": 127386,
  "num_test_eval": 2687,
  "num_test_oov": 168,
  "early_stopping": null,
  "ranking": {
    "tail": {
      "micro": {
        "mrr": 0.07700361002352502,
        "mean_rank": 140.54577595831782,
        "n": 2687,
        "hits_at_1": 0.024190547078526237,
        "hits_at_3": 0.0718273167100856,
        "hits_at_5": 0.09825083736509117,
        "hits_at_10": 0.1778935615928545,
        "hits_at_20": 0.2687011537030145
      },
      "macro": {
        "mrr": 0.07736037745429822,
        "n_groups": 324,
        "hits_at_1": 0.030790979131440653,
        "hits_at_3": 0.07042945841386224,
        "hits_at_5": 0.10242541143518971,
        "hits_at_10": 0.15973869402999835,
        "hits_at_20": 0.2317342985494496
      },
      "micro_minus_macro_gap": {
        "mrr": -0.0003567674307732027,
        "hits_at_1": -0.006600432052914416,
        "hits_at_3": 0.001397858296223367,
        "hits_at_5": -0.004174574070098538,
        "hits_at_10": 0.018154867562856142,
        "hits_at_20": 0.036966855153564904
      }
    },
    "head": {
      "micro": {
        "mrr": 0.005788003581285279,
        "mean_rank": 3161.6730554521773,
        "n": 2687,
        "hits_at_1": 0.000744324525493115,
        "hits_at_3": 0.0018608113137327876,
        "hits_at_5": 0.004093784890212133,
        "hits_at_10": 0.011537030145143283,
        "hits_at_20": 0.023074060290286566
      },
      "macro": {
        "mrr": 0.011973480036791582,
        "n_groups": 301,
        "hits_at_1": 0.006644518272425249,
        "hits_at_3": 0.007822624349096393,
        "hits_at_5": 0.01143665097385228,
        "hits_at_10": 0.021443572033687297,
        "hits_at_20": 0.03194188033011534
      },
      "micro_minus_macro_gap": {
        "mrr": -0.0061854764555063025,
        "hits_at_1": -0.005900193746932134,
        "hits_at_3": -0.005961813035363605,
        "hits_at_5": -0.007342866083640147,
        "hits_at_10": -0.009906541888544014,
        "hits_at_20": -0.00886782003982877
      }
    },
    "both": {
      "micro": {
        "mrr": 0.04139580680240514,
        "mean_rank": 1651.1094157052476,
        "n": 5374,
        "hits_at_1": 0.012467435802009676,
        "hits_at_3": 0.03684406401190919,
        "hits_at_5": 0.05117231112765166,
        "hits_at_10": 0.09471529586899888,
        "hits_at_20": 0.14588760699665054
      },
      "macro": {
        "mrr": 0.04587004765802702,
        "n_groups": 625,
        "hits_at_1": 0.019162043581738834,
        "hits_at_3": 0.04027800712827101,
        "hits_at_5": 0.0586052243970096,
        "hits_at_10": 0.09313576327657495,
        "hits_at_20": 0.13551426993501822
      },
      "micro_minus_macro_gap": {
        "mrr": -0.004474240855621876,
        "hits_at_1": -0.006694607779729158,
        "hits_at_3": -0.003433943116361818,
        "hits_at_5": -0.007432913269357945,
        "hits_at_10": 0.001579532592423924,
        "hits_at_20": 0.01037333706163232
      }
    },
    "both_mrr_ci95": [
      0.0378499658035578,
      0.045046243148530354
    ],
    "protocol": "full ranking over same-type candidate pool, filtered (train+valid+test), realistic rank; tail grouped by head, head grouped by tail",
    "both_mean_reciprocal_rank": 0.04139580680240514,
    "both_hits_at_1": 0.012467435802009676,
    "both_hits_at_3": 0.03684406401190919,
    "both_hits_at_5": 0.05117231112765166,
    "both_hits_at_10": 0.09471529586899888,
    "both_hits_at_20": 0.14588760699665054
  },
  "hardneg_auroc": {
    "num_pos": 2687,
    "num_neg": 94,
    "prevalence_floor": 0.9661992089176555,
    "auprc": 0.9536617627141686,
    "auprc_ci95": [
      0.9463744702119942,
      0.9615339243721646
    ],
    "auprc_over_floor": 0.9870239531477867,
    "auroc": 0.4522127817941388,
    "auroc_ci95": [
      0.38863316480453564,
      0.5143286925227059
    ],
    "auroc_floor": 0.5,
    "fpr_at_median_pos": 1.0
  },
  "stratified_note": "recompute offline from raw dump + *_proximity.tsv (aggregate.py)"
}