{
  "task": "task1",
  "model": "RA",
  "setting": "transductive_with_bridges",
  "seed": 42,
  "model_type": "structural",
  "elapsed_sec": 11.1,
  "num_train": 3675029,
  "num_test_eval": 5531,
  "num_test_oov": 195,
  "early_stopping": null,
  "ranking": {
    "tail": {
      "micro": {
        "mrr": 0.10188441309081894,
        "mean_rank": 118.82507683963117,
        "n": 5531,
        "hits_at_1": 0.04284939432290725,
        "hits_at_3": 0.09690833483999277,
        "hits_at_5": 0.13794973784125836,
        "hits_at_10": 0.2146085698788646,
        "hits_at_20": 0.3163984812872898
      },
      "macro": {
        "mrr": 0.09398820288616418,
        "n_groups": 2326,
        "hits_at_1": 0.035553950511752676,
        "hits_at_3": 0.09271230937367989,
        "hits_at_5": 0.12860951919070915,
        "hits_at_10": 0.20150690329168963,
        "hits_at_20": 0.28785440995299305
      },
      "micro_minus_macro_gap": {
        "mrr": 0.007896210204654766,
        "hits_at_1": 0.007295443811154573,
        "hits_at_3": 0.004196025466312883,
        "hits_at_5": 0.009340218650549209,
        "hits_at_10": 0.01310166658717496,
        "hits_at_20": 0.02854407133429676
      }
    },
    "head": {
      "micro": {
        "mrr": 0.006811327830104539,
        "mean_rank": 3230.2000542397395,
        "n": 5531,
        "hits_at_1": 0.002350388718134153,
        "hits_at_3": 0.00451997830410414,
        "hits_at_5": 0.0063279696257457965,
        "hits_at_10": 0.010486349665521606,
        "hits_at_20": 0.018260712348580725
      },
      "macro": {
        "mrr": 0.008100642051734845,
        "n_groups": 339,
        "hits_at_1": 0.0019223657995740891,
        "hits_at_3": 0.005624759034413215,
        "hits_at_5": 0.008186163329389365,
        "hits_at_10": 0.013682020438097403,
        "hits_at_20": 0.0276087051934226
      },
      "micro_minus_macro_gap": {
        "mrr": -0.0012893142216303067,
        "hits_at_1": 0.00042802291856006386,
        "hits_at_3": -0.001104780730309075,
        "hits_at_5": -0.001858193703643568,
        "hits_at_10": -0.003195670772575798,
        "hits_at_20": -0.009347992844841876
      }
    },
    "both": {
      "micro": {
        "mrr": 0.05434787046046173,
        "mean_rank": 1674.5125655396855,
        "n": 11062,
        "hits_at_1": 0.0225998915205207,
        "hits_at_3": 0.050714156572048454,
        "hits_at_5": 0.07213885373350208,
        "hits_at_10": 0.11254745977219309,
        "hits_at_20": 0.16732959681793527
      },
      "macro": {
        "mrr": 0.08306291841229119,
        "n_groups": 2665,
        "hits_at_1": 0.03127586149958437,
        "hits_at_3": 0.08163438083146173,
        "hits_at_5": 0.11329112608114537,
        "hits_at_10": 0.177614732452152,
        "hits_at_20": 0.25474998446950553
      },
      "micro_minus_macro_gap": {
        "mrr": -0.028715047951829456,
        "hits_at_1": -0.008675969979063669,
        "hits_at_3": -0.030920224259413272,
        "hits_at_5": -0.04115227234764329,
        "hits_at_10": -0.06506727267995892,
        "hits_at_20": -0.08742038765157026
      }
    },
    "both_mrr_ci95": [
      0.05147711637212556,
      0.057384429429557175
    ],
    "protocol": "full ranking over same-type candidate pool, filtered (train+valid+test), realistic rank; tail grouped by head, head grouped by tail",
    "both_mean_reciprocal_rank": 0.05434787046046173,
    "both_hits_at_1": 0.0225998915205207,
    "both_hits_at_3": 0.050714156572048454,
    "both_hits_at_5": 0.07213885373350208,
    "both_hits_at_10": 0.11254745977219309,
    "both_hits_at_20": 0.16732959681793527
  },
  "hardneg_auroc": {
    "num_pos": 5531,
    "num_neg": 504,
    "prevalence_floor": 0.9164871582435791,
    "auprc": 0.8700662289077774,
    "auprc_ci95": [
      0.8629295708493866,
      0.878094495606173
    ],
    "auprc_over_floor": 0.9493490673401621,
    "auroc": 0.3284461964741299,
    "auroc_ci95": [
      0.3032602989140573,
      0.35479090795602275
    ],
    "auroc_floor": 0.5,
    "fpr_at_median_pos": 0.7420634920634921
  },
  "stratified_note": "recompute offline from raw dump + *_proximity.tsv (aggregate.py)"
}