{
  "task": "task1",
  "model": "RA",
  "setting": "transductive",
  "seed": 42,
  "model_type": "structural",
  "elapsed_sec": 3.5,
  "num_train": 120868,
  "num_test_eval": 5531,
  "num_test_oov": 195,
  "early_stopping": null,
  "ranking": {
    "tail": {
      "micro": {
        "mrr": 0.09471892714143447,
        "mean_rank": 128.99529922256374,
        "n": 5531,
        "hits_at_1": 0.03615982643283312,
        "hits_at_3": 0.0920267582715603,
        "hits_at_5": 0.13252576387633339,
        "hits_at_10": 0.20737660459229795,
        "hits_at_20": 0.30428493943229074
      },
      "macro": {
        "mrr": 0.09063203813809083,
        "n_groups": 2326,
        "hits_at_1": 0.03255152340048037,
        "hits_at_3": 0.08986655497272716,
        "hits_at_5": 0.12672119103621216,
        "hits_at_10": 0.19854931010623747,
        "hits_at_20": 0.2829062123995112
      },
      "micro_minus_macro_gap": {
        "mrr": 0.004086889003343641,
        "hits_at_1": 0.0036083030323527526,
        "hits_at_3": 0.0021602032988331382,
        "hits_at_5": 0.00580457284012123,
        "hits_at_10": 0.008827294486060483,
        "hits_at_20": 0.021378727032779543
      }
    },
    "head": {
      "micro": {
        "mrr": 0.015340909348621774,
        "mean_rank": 2731.381034171036,
        "n": 5531,
        "hits_at_1": 0.004700777436268306,
        "hits_at_3": 0.0115711444585066,
        "hits_at_5": 0.0173567166877599,
        "hits_at_10": 0.029108660278430662,
        "hits_at_20": 0.05297414572410052
      },
      "macro": {
        "mrr": 0.01704388872920534,
        "n_groups": 339,
        "hits_at_1": 0.004911364307119724,
        "hits_at_3": 0.014747275167718416,
        "hits_at_5": 0.019144542714371098,
        "hits_at_10": 0.03431898550482231,
        "hits_at_20": 0.05947262131047203
      },
      "micro_minus_macro_gap": {
        "mrr": -0.001702979380583565,
        "hits_at_1": -0.00021058687085141834,
        "hits_at_3": -0.003176130709211817,
        "hits_at_5": -0.0017878260266111987,
        "hits_at_10": -0.00521032522639165,
        "hits_at_20": -0.0064984755863715105
      }
    },
    "both": {
      "micro": {
        "mrr": 0.055029918245028134,
        "mean_rank": 1430.1881666968,
        "n": 11062,
        "hits_at_1": 0.020430301934550713,
        "hits_at_3": 0.05179895136503345,
        "hits_at_5": 0.07494124028204664,
        "hits_at_10": 0.11824263243536431,
        "hits_at_20": 0.17862954257819563
      },
      "macro": {
        "mrr": 0.08127129417951215,
        "n_groups": 2665,
        "hits_at_1": 0.029035570705302414,
        "hits_at_3": 0.08031104433336583,
        "hits_at_5": 0.113036956972008,
        "hits_at_10": 0.1776584733182901,
        "hits_at_20": 0.2544844535330255
      },
      "micro_minus_macro_gap": {
        "mrr": -0.026241375934484015,
        "hits_at_1": -0.008605268770751701,
        "hits_at_3": -0.028512092968332382,
        "hits_at_5": -0.038095716689961354,
        "hits_at_10": -0.059415840882925786,
        "hits_at_20": -0.07585491095482988
      }
    },
    "both_mrr_ci95": [
      0.05218867409564956,
      0.05788113547650997
    ],
    "protocol": "full ranking over same-type candidate pool, filtered (train+valid+test), realistic rank; tail grouped by head, head grouped by tail",
    "both_mean_reciprocal_rank": 0.055029918245028134,
    "both_hits_at_1": 0.020430301934550713,
    "both_hits_at_3": 0.05179895136503345,
    "both_hits_at_5": 0.07494124028204664,
    "both_hits_at_10": 0.11824263243536431,
    "both_hits_at_20": 0.17862954257819563
  },
  "hardneg_auroc": {
    "num_pos": 5531,
    "num_neg": 504,
    "prevalence_floor": 0.9164871582435791,
    "auprc": 0.8758522621068294,
    "auprc_ci95": [
      0.8687943062774747,
      0.8836542006190329
    ],
    "auprc_over_floor": 0.9556623398688693,
    "auroc": 0.3638141298826527,
    "auroc_ci95": [
      0.3371014482225723,
      0.3900851137025654
    ],
    "auroc_floor": 0.5,
    "fpr_at_median_pos": 0.6865079365079365
  },
  "stratified_note": "recompute offline from raw dump + *_proximity.tsv (aggregate.py)"
}