{
  "task": "task1",
  "model": "Random",
  "setting": "cold_microbe",
  "seed": 42,
  "model_type": "trivial",
  "elapsed_sec": 0.1,
  "num_train": 127386,
  "num_test_eval": 2687,
  "num_test_oov": 168,
  "early_stopping": null,
  "ranking": {
    "tail": {
      "micro": {
        "mrr": 0.013060373672491625,
        "mean_rank": 226.92519538518795,
        "n": 2687,
        "hits_at_1": 0.0011164867882396724,
        "hits_at_3": 0.0033494603647190174,
        "hits_at_5": 0.009304056568663937,
        "hits_at_10": 0.02232973576479345,
        "hits_at_20": 0.040565686639374765
      },
      "macro": {
        "mrr": 0.012008056496790431,
        "n_groups": 324,
        "hits_at_1": 0.00032897884965068423,
        "hits_at_3": 0.001499299990102312,
        "hits_at_5": 0.005761000438189497,
        "hits_at_10": 0.025087906400178314,
        "hits_at_20": 0.04638715816539608
      },
      "micro_minus_macro_gap": {
        "mrr": 0.0010523171757011937,
        "hits_at_1": 0.0007875079385889882,
        "hits_at_3": 0.0018501603746167055,
        "hits_at_5": 0.0035430561304744396,
        "hits_at_10": -0.0027581706353848635,
        "hits_at_20": -0.0058214715260213115
      }
    },
    "head": {
      "micro": {
        "mrr": 0.0013716918403042853,
        "mean_rank": 4023.793449944176,
        "n": 2687,
        "hits_at_1": 0.0,
        "hits_at_3": 0.0003721622627465575,
        "hits_at_5": 0.0011164867882396724,
        "hits_at_10": 0.00297729810197246,
        "hits_at_20": 0.004093784890212133
      },
      "macro": {
        "mrr": 0.0012838267764452515,
        "n_groups": 301,
        "hits_at_1": 0.0,
        "hits_at_3": 0.00023730422401518745,
        "hits_at_5": 0.00037981705587056773,
        "hits_at_10": 0.002523861641775619,
        "hits_at_20": 0.0037263628442768216
      },
      "micro_minus_macro_gap": {
        "mrr": 8.786506385903385e-05,
        "hits_at_1": 0.0,
        "hits_at_3": 0.00013485803873137007,
        "hits_at_5": 0.0007366697323691047,
        "hits_at_10": 0.00045343646019684134,
        "hits_at_20": 0.00036742204593531117
      }
    },
    "both": {
      "micro": {
        "mrr": 0.0072160327563979545,
        "mean_rank": 2125.3593226646817,
        "n": 5374,
        "hits_at_1": 0.0005582433941198362,
        "hits_at_3": 0.0018608113137327876,
        "hits_at_5": 0.005210271678451805,
        "hits_at_10": 0.012653516933382954,
        "hits_at_20": 0.02232973576479345
      },
      "macro": {
        "mrr": 0.006843267463472192,
        "n_groups": 625,
        "hits_at_1": 0.00017054263565891473,
        "hits_at_3": 0.0008915228291547528,
        "hits_at_5": 0.003169422521264701,
        "hits_at_10": 0.014221062444531578,
        "hits_at_20": 0.02584171913874504
      },
      "micro_minus_macro_gap": {
        "mrr": 0.00037276529292576237,
        "hits_at_1": 0.0003877007584609215,
        "hits_at_3": 0.0009692884845780347,
        "hits_at_5": 0.002040849157187104,
        "hits_at_10": -0.0015675455111486235,
        "hits_at_20": -0.003511983373951588
      }
    },
    "both_mrr_ci95": [
      0.0064374239895814865,
      0.008118174460936598
    ],
    "protocol": "full ranking over same-type candidate pool, filtered (train+valid+test), realistic rank; tail grouped by head, head grouped by tail",
    "both_mean_reciprocal_rank": 0.0072160327563979545,
    "both_hits_at_1": 0.0005582433941198362,
    "both_hits_at_3": 0.0018608113137327876,
    "both_hits_at_5": 0.005210271678451805,
    "both_hits_at_10": 0.012653516933382954,
    "both_hits_at_20": 0.02232973576479345
  },
  "hardneg_auroc": {
    "num_pos": 2855,
    "num_neg": 94,
    "prevalence_floor": 0.9681247880637505,
    "auprc": 0.9717108622944856,
    "auprc_ci95": [
      0.9666657550126571,
      0.9762673364211368
    ],
    "auprc_over_floor": 1.0037041446257224,
    "auroc": 0.5146178783023437,
    "auroc_ci95": [
      0.45665396653873386,
      0.5705669411633194
    ],
    "auroc_floor": 0.5,
    "fpr_at_median_pos": 0.5106382978723404
  },
  "stratified_note": "recompute offline from raw dump + *_proximity.tsv (aggregate.py)"
}