{
  "task": "task1",
  "model": "Random",
  "setting": "transductive",
  "seed": 42,
  "model_type": "trivial",
  "elapsed_sec": 0.2,
  "num_train": 120868,
  "num_test_eval": 5531,
  "num_test_oov": 195,
  "early_stopping": null,
  "ranking": {
    "tail": {
      "micro": {
        "mrr": 0.015965469539292673,
        "mean_rank": 218.89170131983366,
        "n": 5531,
        "hits_at_1": 0.00289278611462665,
        "hits_at_3": 0.006870367022238293,
        "hits_at_5": 0.012836738383655759,
        "hits_at_10": 0.02513107937081902,
        "hits_at_20": 0.04700777436268306
      },
      "macro": {
        "mrr": 0.015052625550184256,
        "n_groups": 2326,
        "hits_at_1": 0.0021037360461264158,
        "hits_at_3": 0.006959473124563409,
        "hits_at_5": 0.012434503492113122,
        "hits_at_10": 0.022468471179731418,
        "hits_at_20": 0.042898367904770016
      },
      "micro_minus_macro_gap": {
        "mrr": 0.0009128439891084167,
        "hits_at_1": 0.000789050068500234,
        "hits_at_3": -8.910610232511565e-05,
        "hits_at_5": 0.00040223489154263617,
        "hits_at_10": 0.002662608191087601,
        "hits_at_20": 0.004109406457913044
      }
    },
    "head": {
      "micro": {
        "mrr": 0.0011858180109743334,
        "mean_rank": 3960.6062194901465,
        "n": 5531,
        "hits_at_1": 0.0,
        "hits_at_3": 0.0003615982643283312,
        "hits_at_5": 0.0010847947929849937,
        "hits_at_10": 0.0018079913216416561,
        "hits_at_20": 0.003254384378954981
      },
      "macro": {
        "mrr": 0.0010857232240442712,
        "n_groups": 339,
        "hits_at_1": 0.0,
        "hits_at_3": 0.00023374947324062366,
        "hits_at_5": 0.0007652759027368606,
        "hits_at_10": 0.001263028873160315,
        "hits_at_20": 0.002954937027303497
      },
      "micro_minus_macro_gap": {
        "mrr": 0.00010009478693006214,
        "hits_at_1": 0.0,
        "hits_at_3": 0.00012784879108770756,
        "hits_at_5": 0.0003195188902481331,
        "hits_at_10": 0.0005449624484813412,
        "hits_at_20": 0.00029944735165148397
      }
    },
    "both": {
      "micro": {
        "mrr": 0.008575643775133502,
        "mean_rank": 2089.74896040499,
        "n": 11062,
        "hits_at_1": 0.001446393057313325,
        "hits_at_3": 0.0036159826432833123,
        "hits_at_5": 0.006960766588320376,
        "hits_at_10": 0.013469535346230337,
        "hits_at_20": 0.02513107937081902
      },
      "macro": {
        "mrr": 0.013275972683932304,
        "n_groups": 2665,
        "hits_at_1": 0.0018361313483264703,
        "hits_at_3": 0.006103930791430791,
        "hits_at_5": 0.010950125198380083,
        "hits_at_10": 0.019771043434167582,
        "hits_at_20": 0.03781738363930617
      },
      "micro_minus_macro_gap": {
        "mrr": -0.004700328908798802,
        "hits_at_1": -0.00038973829101314537,
        "hits_at_3": -0.002487948148147479,
        "hits_at_5": -0.003989358610059707,
        "hits_at_10": -0.006301508087937245,
        "hits_at_20": -0.012686304268487148
      }
    },
    "both_mrr_ci95": [
      0.0077501607796665985,
      0.009498305091794022
    ],
    "protocol": "full ranking over same-type candidate pool, filtered (train+valid+test), realistic rank; tail grouped by head, head grouped by tail",
    "both_mean_reciprocal_rank": 0.008575643775133502,
    "both_hits_at_1": 0.001446393057313325,
    "both_hits_at_3": 0.0036159826432833123,
    "both_hits_at_5": 0.006960766588320376,
    "both_hits_at_10": 0.013469535346230337,
    "both_hits_at_20": 0.02513107937081902
  },
  "hardneg_auroc": {
    "num_pos": 5726,
    "num_neg": 505,
    "prevalence_floor": 0.9189536190017654,
    "auprc": 0.916731060635261,
    "auprc_ci95": [
      0.9097554636582671,
      0.9243780232996889
    ],
    "auprc_over_floor": 0.9975814248722163,
    "auroc": 0.49969705667737574,
    "auroc_ci95": [
      0.4721182948717506,
      0.5282926411747008
    ],
    "auroc_floor": 0.5,
    "fpr_at_median_pos": 0.5128712871287129
  },
  "stratified_note": "recompute offline from raw dump + *_proximity.tsv (aggregate.py)"
}