{
  "task": "task1",
  "model": "Random",
  "setting": "transductive_with_bridges",
  "seed": 42,
  "model_type": "trivial",
  "elapsed_sec": 0.5,
  "num_train": 3675029,
  "num_test_eval": 5531,
  "num_test_oov": 195,
  "early_stopping": null,
  "ranking": {
    "tail": {
      "micro": {
        "mrr": 0.015593388063711563,
        "mean_rank": 220.89531730247694,
        "n": 5531,
        "hits_at_1": 0.001446393057313325,
        "hits_at_3": 0.008316760079551618,
        "hits_at_5": 0.013740734044476587,
        "hits_at_10": 0.025673476767311517,
        "hits_at_20": 0.04809256915566805
      },
      "macro": {
        "mrr": 0.015556730329911112,
        "n_groups": 2326,
        "hits_at_1": 0.0018558326167956434,
        "hits_at_3": 0.008595567516461757,
        "hits_at_5": 0.013030520432666308,
        "hits_at_10": 0.024019569002325367,
        "hits_at_20": 0.046092675777663995
      },
      "micro_minus_macro_gap": {
        "mrr": 3.665773380045166e-05,
        "hits_at_1": -0.0004094395594823185,
        "hits_at_3": -0.000278807436910139,
        "hits_at_5": 0.000710213611810279,
        "hits_at_10": 0.0016539077649861504,
        "hits_at_20": 0.0019998933780040543
      }
    },
    "head": {
      "micro": {
        "mrr": 0.0008089191714581689,
        "mean_rank": 4846.806906526848,
        "n": 5531,
        "hits_at_1": 0.0,
        "hits_at_3": 0.0,
        "hits_at_5": 0.0001807991321641656,
        "hits_at_10": 0.0009039956608208281,
        "hits_at_20": 0.001446393057313325
      },
      "macro": {
        "mrr": 0.0008116641326128159,
        "n_groups": 339,
        "hits_at_1": 0.0,
        "hits_at_3": 0.0,
        "hits_at_5": 1.7558645877229948e-05,
        "hits_at_10": 0.0019088069131693712,
        "hits_at_20": 0.0022164626624952277
      },
      "micro_minus_macro_gap": {
        "mrr": -2.7449611546470284e-06,
        "hits_at_1": 0.0,
        "hits_at_3": 0.0,
        "hits_at_5": 0.00016324048628693568,
        "hits_at_10": -0.001004811252348543,
        "hits_at_20": -0.0007700696051819028
      }
    },
    "both": {
      "micro": {
        "mrr": 0.008201153617584866,
        "mean_rank": 2533.851111914663,
        "n": 11062,
        "hits_at_1": 0.0007231965286566625,
        "hits_at_3": 0.004158380039775809,
        "hits_at_5": 0.006960766588320376,
        "hits_at_10": 0.013288736214066172,
        "hits_at_20": 0.024769481106490687
      },
      "macro": {
        "mrr": 0.013681091515320445,
        "n_groups": 2665,
        "hits_at_1": 0.0016197623514696685,
        "hits_at_3": 0.007502172624123843,
        "hits_at_5": 0.011375213098436853,
        "hits_at_10": 0.02120698050392992,
        "hits_at_20": 0.04051142390297649
      },
      "micro_minus_macro_gap": {
        "mrr": -0.005479937897735579,
        "hits_at_1": -0.0008965658228130061,
        "hits_at_3": -0.0033437925843480343,
        "hits_at_5": -0.004414446510116477,
        "hits_at_10": -0.007918244289863747,
        "hits_at_20": -0.015741942796485803
      }
    },
    "both_mrr_ci95": [
      0.007433946112673643,
      0.008968047522490034
    ],
    "protocol": "full ranking over same-type candidate pool, filtered (train+valid+test), realistic rank; tail grouped by head, head grouped by tail",
    "both_mean_reciprocal_rank": 0.008201153617584866,
    "both_hits_at_1": 0.0007231965286566625,
    "both_hits_at_3": 0.004158380039775809,
    "both_hits_at_5": 0.006960766588320376,
    "both_hits_at_10": 0.013288736214066172,
    "both_hits_at_20": 0.024769481106490687
  },
  "hardneg_auroc": {
    "num_pos": 5726,
    "num_neg": 505,
    "prevalence_floor": 0.9189536190017654,
    "auprc": 0.916082981955649,
    "auprc_ci95": [
      0.9097594150252506,
      0.9231402603673527
    ],
    "auprc_over_floor": 0.9968761894106966,
    "auroc": 0.48660789935088516,
    "auroc_ci95": [
      0.4604968823812175,
      0.5127802485103558
    ],
    "auroc_floor": 0.5,
    "fpr_at_median_pos": 0.5227722772277228
  },
  "stratified_note": "recompute offline from raw dump + *_proximity.tsv (aggregate.py)"
}