{
  "task": "task1",
  "model": "Random",
  "setting": "cold_disease",
  "seed": 42,
  "model_type": "trivial",
  "elapsed_sec": 0.1,
  "num_train": 129139,
  "num_test_eval": 1928,
  "num_test_oov": 48,
  "early_stopping": null,
  "ranking": {
    "tail": {
      "micro": {
        "mrr": 0.01407693665097627,
        "mean_rank": 214.2831950207469,
        "n": 1928,
        "hits_at_1": 0.0015560165975103733,
        "hits_at_3": 0.005705394190871369,
        "hits_at_5": 0.009854771784232365,
        "hits_at_10": 0.021784232365145227,
        "hits_at_20": 0.04045643153526971
      },
      "macro": {
        "mrr": 0.013178646110747786,
        "n_groups": 1108,
        "hits_at_1": 0.0011818806945160735,
        "hits_at_3": 0.005173055985330354,
        "hits_at_5": 0.008331900750673313,
        "hits_at_10": 0.019713769984528107,
        "hits_at_20": 0.035086098217867165
      },
      "micro_minus_macro_gap": {
        "mrr": 0.000898290540228483,
        "hits_at_1": 0.0003741359029942998,
        "hits_at_3": 0.000532338205541015,
        "hits_at_5": 0.0015228710335590517,
        "hits_at_10": 0.0020704623806171198,
        "hits_at_20": 0.005370333317402547
      }
    },
    "head": {
      "micro": {
        "mrr": 0.001231945475067015,
        "mean_rank": 4205.748962655602,
        "n": 1928,
        "hits_at_1": 0.0,
        "hits_at_3": 0.0005186721991701245,
        "hits_at_5": 0.001037344398340249,
        "hits_at_10": 0.0015560165975103733,
        "hits_at_20": 0.0031120331950207467
      },
      "macro": {
        "mrr": 0.0007285274686976466,
        "n_groups": 20,
        "hits_at_1": 0.0,
        "hits_at_3": 7.788161993769471e-05,
        "hits_at_5": 0.0002336448598130841,
        "hits_at_10": 0.0003939012700694943,
        "hits_at_20": 0.0009023095705338695
      },
      "micro_minus_macro_gap": {
        "mrr": 0.0005034180063693683,
        "hits_at_1": 0.0,
        "hits_at_3": 0.00044079057923242975,
        "hits_at_5": 0.0008036995385271649,
        "hits_at_10": 0.0011621153274408791,
        "hits_at_20": 0.0022097236244868774
      }
    },
    "both": {
      "micro": {
        "mrr": 0.007654441063021642,
        "mean_rank": 2210.016078838174,
        "n": 3856,
        "hits_at_1": 0.0007780082987551867,
        "hits_at_3": 0.0031120331950207467,
        "hits_at_5": 0.005446058091286307,
        "hits_at_10": 0.011670124481327801,
        "hits_at_20": 0.021784232365145227
      },
      "macro": {
        "mrr": 0.012957899326314273,
        "n_groups": 1128,
        "hits_at_1": 0.0011609253630530227,
        "hits_at_3": 0.005082716014312753,
        "hits_at_5": 0.008188314653317635,
        "hits_at_10": 0.01937121912079657,
        "hits_at_20": 0.034480002674474736
      },
      "micro_minus_macro_gap": {
        "mrr": -0.00530345826329263,
        "hits_at_1": -0.000382917064297836,
        "hits_at_3": -0.0019706828192920067,
        "hits_at_5": -0.002742256562031328,
        "hits_at_10": -0.007701094639468768,
        "hits_at_20": -0.012695770309329509
      }
    },
    "both_mrr_ci95": [
      0.006462411292167234,
      0.00886947774069793
    ],
    "protocol": "full ranking over same-type candidate pool, filtered (train+valid+test), realistic rank; tail grouped by head, head grouped by tail",
    "both_mean_reciprocal_rank": 0.007654441063021642,
    "both_hits_at_1": 0.0007780082987551867,
    "both_hits_at_3": 0.0031120331950207467,
    "both_hits_at_5": 0.005446058091286307,
    "both_hits_at_10": 0.011670124481327801,
    "both_hits_at_20": 0.021784232365145227
  },
  "hardneg_auroc": {
    "num_pos": 1976,
    "num_neg": 78,
    "prevalence_floor": 0.9620253164556962,
    "auprc": 0.9666331618244008,
    "auprc_ci95": [
      0.9588387622337894,
      0.9734245548436438
    ],
    "auprc_over_floor": 1.0047897340016798,
    "auroc": 0.5338225371120109,
    "auroc_ci95": [
      0.4697397617564622,
      0.5917179227654936
    ],
    "auroc_floor": 0.5,
    "fpr_at_median_pos": 0.4358974358974359
  },
  "stratified_note": "recompute offline from raw dump + *_proximity.tsv (aggregate.py)"
}