{
  "task": "task1",
  "model": "RGCN",
  "setting": "cold_disease",
  "seed": 42,
  "model_type": "kge",
  "elapsed_sec": 118.1,
  "num_train": 129139,
  "num_test_eval": 1928,
  "num_test_oov": 48,
  "early_stopping": {
    "stopped_early": true,
    "best_epoch": 5,
    "best_metric": 0.01736946403980255
  },
  "ranking": {
    "tail": {
      "micro": {
        "mrr": 0.0027712316506827307,
        "mean_rank": 374.8978215767635,
        "n": 1928,
        "hits_at_1": 0.0,
        "hits_at_3": 0.0,
        "hits_at_5": 0.0,
        "hits_at_10": 0.0,
        "hits_at_20": 0.0005186721991701245
      },
      "macro": {
        "mrr": 0.0028284770030977736,
        "n_groups": 1108,
        "hits_at_1": 0.0,
        "hits_at_3": 0.0,
        "hits_at_5": 0.0,
        "hits_at_10": 0.0,
        "hits_at_20": 0.0009025270758122744
      },
      "micro_minus_macro_gap": {
        "mrr": -5.7245352415042933e-05,
        "hits_at_1": 0.0,
        "hits_at_3": 0.0,
        "hits_at_5": 0.0,
        "hits_at_10": 0.0,
        "hits_at_20": -0.0003838548766421499
      }
    },
    "head": {
      "micro": {
        "mrr": 0.012592319772759618,
        "mean_rank": 2981.517894190871,
        "n": 1928,
        "hits_at_1": 0.0031120331950207467,
        "hits_at_3": 0.007780082987551867,
        "hits_at_5": 0.015560165975103735,
        "hits_at_10": 0.03008298755186722,
        "hits_at_20": 0.044605809128630707
      },
      "macro": {
        "mrr": 0.011595754518223027,
        "n_groups": 20,
        "hits_at_1": 0.003233467408020821,
        "hits_at_3": 0.009086025227188129,
        "hits_at_5": 0.011102624553174654,
        "hits_at_10": 0.018279820439079518,
        "hits_at_20": 0.047835262511937524
      },
      "micro_minus_macro_gap": {
        "mrr": 0.000996565254536591,
        "hits_at_1": -0.0001214342130000743,
        "hits_at_3": -0.0013059422396362614,
        "hits_at_5": 0.004457541421929081,
        "hits_at_10": 0.011803167112787703,
        "hits_at_20": -0.003229453383306817
      }
    },
    "both": {
      "micro": {
        "mrr": 0.007681775711721173,
        "mean_rank": 1678.2078578838175,
        "n": 3856,
        "hits_at_1": 0.0015560165975103733,
        "hits_at_3": 0.0038900414937759337,
        "hits_at_5": 0.007780082987551867,
        "hits_at_10": 0.01504149377593361,
        "hits_at_20": 0.022562240663900415
      },
      "macro": {
        "mrr": 0.0029839251859900655,
        "n_groups": 1128,
        "hits_at_1": 5.733098241171668e-05,
        "hits_at_3": 0.0001610997380707115,
        "hits_at_5": 0.00019685504526905414,
        "hits_at_10": 0.00032411029147304114,
        "hits_at_20": 0.0017346677750343534
      },
      "micro_minus_macro_gap": {
        "mrr": 0.004697850525731108,
        "hits_at_1": 0.0014986856150986567,
        "hits_at_3": 0.0037289417557052223,
        "hits_at_5": 0.007583227942282813,
        "hits_at_10": 0.01471738348446057,
        "hits_at_20": 0.02082757288886606
      }
    },
    "both_mrr_ci95": [
      0.006231541493319749,
      0.009400897377656764
    ],
    "protocol": "full ranking over same-type candidate pool, filtered (train+valid+test), realistic rank; tail grouped by head, head grouped by tail",
    "both_mean_reciprocal_rank": 0.007681775711721173,
    "both_hits_at_1": 0.0015560165975103733,
    "both_hits_at_3": 0.0038900414937759337,
    "both_hits_at_5": 0.007780082987551867,
    "both_hits_at_10": 0.01504149377593361,
    "both_hits_at_20": 0.022562240663900415
  },
  "hardneg_auroc": {
    "num_pos": 1928,
    "num_neg": 78,
    "prevalence_floor": 0.9611166500498505,
    "auprc": 0.9597638874087567,
    "auprc_ci95": [
      0.951176104259071,
      0.9680895214192293
    ],
    "auprc_over_floor": 0.9985925094097334,
    "auroc": 0.4875186190020215,
    "auroc_ci95": [
      0.42301823997233756,
      0.5537093374295138
    ],
    "auroc_floor": 0.5,
    "fpr_at_median_pos": 0.5641025641025641
  },
  "stratified_note": "recompute offline from raw dump + *_proximity.tsv (aggregate.py)"
}