{
  "task": "task1",
  "model": "RGCN",
  "setting": "transductive",
  "seed": 42,
  "model_type": "kge",
  "elapsed_sec": 421.1,
  "num_train": 120868,
  "num_test_eval": 5531,
  "num_test_oov": 195,
  "early_stopping": {
    "stopped_early": false,
    "best_epoch": 195,
    "best_metric": 0.10204549133777618
  },
  "ranking": {
    "tail": {
      "micro": {
        "mrr": 0.17219226384877478,
        "mean_rank": 54.35798228168505,
        "n": 5531,
        "hits_at_1": 0.07683963116977038,
        "hits_at_3": 0.1782679443138673,
        "hits_at_5": 0.24823720846139938,
        "hits_at_10": 0.37208461399385284,
        "hits_at_20": 0.5192551075754837
      },
      "macro": {
        "mrr": 0.18904047307707583,
        "n_groups": 2326,
        "hits_at_1": 0.09005871254992716,
        "hits_at_3": 0.19851551134739293,
        "hits_at_5": 0.270322770678298,
        "hits_at_10": 0.4060964028598332,
        "hits_at_20": 0.547587601668128
      },
      "micro_minus_macro_gap": {
        "mrr": -0.016848209228301048,
        "hits_at_1": -0.013219081380156775,
        "hits_at_3": -0.02024756703352562,
        "hits_at_5": -0.02208556221689864,
        "hits_at_10": -0.034011788865980386,
        "hits_at_20": -0.028332494092644378
      }
    },
    "head": {
      "micro": {
        "mrr": 0.041246917792581245,
        "mean_rank": 824.0088591574761,
        "n": 5531,
        "hits_at_1": 0.012655939251491593,
        "hits_at_3": 0.0347134333755198,
        "hits_at_5": 0.0515277526667872,
        "hits_at_10": 0.08768757909962033,
        "hits_at_20": 0.14427770746700416
      },
      "macro": {
        "mrr": 0.06485131885930356,
        "n_groups": 339,
        "hits_at_1": 0.023552509896166765,
        "hits_at_3": 0.06052702969215741,
        "hits_at_5": 0.07826557838057126,
        "hits_at_10": 0.1280540866642536,
        "hits_at_20": 0.22171806608554154
      },
      "micro_minus_macro_gap": {
        "mrr": -0.02360440106672232,
        "hits_at_1": -0.010896570644675172,
        "hits_at_3": -0.025813596316637613,
        "hits_at_5": -0.02673782571378406,
        "hits_at_10": -0.04036650756463328,
        "hits_at_20": -0.07744035861853737
      }
    },
    "both": {
      "micro": {
        "mrr": 0.10671959082067801,
        "mean_rank": 439.18342071958057,
        "n": 11062,
        "hits_at_1": 0.04474778521063099,
        "hits_at_3": 0.10649068884469355,
        "hits_at_5": 0.14988248056409328,
        "hits_at_10": 0.22988609654673658,
        "hits_at_20": 0.3317664075212439
      },
      "macro": {
        "mrr": 0.17324305345988078,
        "n_groups": 2665,
        "hits_at_1": 0.08159882410729123,
        "hits_at_3": 0.1809627551443442,
        "hits_at_5": 0.24589223102016317,
        "hits_at_10": 0.37072816826684957,
        "hits_at_20": 0.5061355294120317
      },
      "micro_minus_macro_gap": {
        "mrr": -0.06652346263920277,
        "hits_at_1": -0.03685103889666024,
        "hits_at_3": -0.07447206629965065,
        "hits_at_5": -0.09600975045606988,
        "hits_at_10": -0.14084207172011298,
        "hits_at_20": -0.17436912189078774
      }
    },
    "both_mrr_ci95": [
      0.10264880896841173,
      0.1108497184200769
    ],
    "protocol": "full ranking over same-type candidate pool, filtered (train+valid+test), realistic rank; tail grouped by head, head grouped by tail",
    "both_mean_reciprocal_rank": 0.10671959082067801,
    "both_hits_at_1": 0.04474778521063099,
    "both_hits_at_3": 0.10649068884469355,
    "both_hits_at_5": 0.14988248056409328,
    "both_hits_at_10": 0.22988609654673658,
    "both_hits_at_20": 0.3317664075212439
  },
  "hardneg_auroc": {
    "num_pos": 5531,
    "num_neg": 504,
    "prevalence_floor": 0.9164871582435791,
    "auprc": 0.8063231138340845,
    "auprc_ci95": [
      0.80199725818932,
      0.8113903065318436
    ],
    "auprc_over_floor": 0.8797975035235401,
    "auroc": 0.1452487853455129,
    "auroc_ci95": [
      0.126350128281289,
      0.16583497272228967
    ],
    "auroc_floor": 0.5,
    "fpr_at_median_pos": 0.9027777777777778
  },
  "stratified_note": "recompute offline from raw dump + *_proximity.tsv (aggregate.py)"
}