{
  "task": "task1",
  "model": "RotatE",
  "setting": "transductive",
  "seed": 42,
  "model_type": "kge",
  "elapsed_sec": 215.8,
  "num_train": 120868,
  "num_test_eval": 5531,
  "num_test_oov": 195,
  "early_stopping": {
    "stopped_early": true,
    "best_epoch": 80,
    "best_metric": 0.1097022294998169
  },
  "ranking": {
    "tail": {
      "micro": {
        "mrr": 0.19204572242559892,
        "mean_rank": 39.10034351835111,
        "n": 5531,
        "hits_at_1": 0.0983547278973061,
        "hits_at_3": 0.19634785753028386,
        "hits_at_5": 0.26685951907430844,
        "hits_at_10": 0.38401735671668774,
        "hits_at_20": 0.5301030555053335
      },
      "macro": {
        "mrr": 0.21511902217787657,
        "n_groups": 2326,
        "hits_at_1": 0.11686817938210514,
        "hits_at_3": 0.2289421884820311,
        "hits_at_5": 0.2970977603392366,
        "hits_at_10": 0.4127882322420436,
        "hits_at_20": 0.5494943684965741
      },
      "micro_minus_macro_gap": {
        "mrr": -0.02307329975227765,
        "hits_at_1": -0.01851345148479905,
        "hits_at_3": -0.03259433095174724,
        "hits_at_5": -0.03023824126492819,
        "hits_at_10": -0.028770875525355843,
        "hits_at_20": -0.019391312991240528
      }
    },
    "head": {
      "micro": {
        "mrr": 0.052977695244173145,
        "mean_rank": 793.9787561019707,
        "n": 5531,
        "hits_at_1": 0.021695895859699874,
        "hits_at_3": 0.04773097089133972,
        "hits_at_5": 0.0677996745615621,
        "hits_at_10": 0.10739468450551437,
        "hits_at_20": 0.1645272102693907
      },
      "macro": {
        "mrr": 0.061074623486208034,
        "n_groups": 339,
        "hits_at_1": 0.01873833485157649,
        "hits_at_3": 0.05374421118768907,
        "hits_at_5": 0.07926349316827223,
        "hits_at_10": 0.1384428196911482,
        "hits_at_20": 0.22053744045867638
      },
      "micro_minus_macro_gap": {
        "mrr": -0.008096928242034888,
        "hits_at_1": 0.002957561008123385,
        "hits_at_3": -0.006013240296349351,
        "hits_at_5": -0.011463818606710127,
        "hits_at_10": -0.03104813518563382,
        "hits_at_20": -0.056010230189285665
      }
    },
    "both": {
      "micro": {
        "mrr": 0.12251170883488605,
        "mean_rank": 416.5395498101609,
        "n": 11062,
        "hits_at_1": 0.060025311878502983,
        "hits_at_3": 0.12203941421081178,
        "hits_at_5": 0.16732959681793527,
        "hits_at_10": 0.24570602061110106,
        "hits_at_20": 0.34731513288736215
      },
      "macro": {
        "mrr": 0.19552388103098142,
        "n_groups": 2665,
        "hits_at_1": 0.1043856212973587,
        "hits_at_3": 0.20665621688624047,
        "hits_at_5": 0.2693882606878457,
        "hits_at_10": 0.37789026043913415,
        "hits_at_20": 0.5076495660182074
      },
      "micro_minus_macro_gap": {
        "mrr": -0.07301217219609538,
        "hits_at_1": -0.04436030941885572,
        "hits_at_3": -0.08461680267542869,
        "hits_at_5": -0.10205866386991044,
        "hits_at_10": -0.1321842398280331,
        "hits_at_20": -0.16033443313084528
      }
    },
    "both_mrr_ci95": [
      0.11802004750270804,
      0.12724916186572524
    ],
    "protocol": "full ranking over same-type candidate pool, filtered (train+valid+test), realistic rank; tail grouped by head, head grouped by tail",
    "both_mean_reciprocal_rank": 0.12251170883488605,
    "both_hits_at_1": 0.060025311878502983,
    "both_hits_at_3": 0.12203941421081178,
    "both_hits_at_5": 0.16732959681793527,
    "both_hits_at_10": 0.24570602061110106,
    "both_hits_at_20": 0.34731513288736215
  },
  "hardneg_auroc": {
    "num_pos": 5531,
    "num_neg": 504,
    "prevalence_floor": 0.9164871582435791,
    "auprc": 0.8682707160162906,
    "auprc_ci95": [
      0.8616493406090628,
      0.8753441408396889
    ],
    "auprc_over_floor": 0.9473899423536999,
    "auroc": 0.2848802420986475,
    "auroc_ci95": [
      0.26442651519717153,
      0.30562589323380773
    ],
    "auroc_floor": 0.5,
    "fpr_at_median_pos": 0.8214285714285714
  },
  "stratified_note": "recompute offline from raw dump + *_proximity.tsv (aggregate.py)"
}