{
  "task": "task1",
  "model": "RotatE",
  "setting": "transductive_with_bridges",
  "seed": 42,
  "model_type": "kge",
  "elapsed_sec": 2242.7,
  "num_train": 3675029,
  "num_test_eval": 5531,
  "num_test_oov": 195,
  "early_stopping": {
    "stopped_early": true,
    "best_epoch": 5,
    "best_metric": 0.07388022541999817
  },
  "ranking": {
    "tail": {
      "micro": {
        "mrr": 0.14967256021356048,
        "mean_rank": 49.30862411860423,
        "n": 5531,
        "hits_at_1": 0.06526848671126378,
        "hits_at_3": 0.15006327969625746,
        "hits_at_5": 0.21316217682155125,
        "hits_at_10": 0.31712167781594647,
        "hits_at_20": 0.45706020611101067
      },
      "macro": {
        "mrr": 0.16287071320243382,
        "n_groups": 2326,
        "hits_at_1": 0.0744146247733765,
        "hits_at_3": 0.16930277289659884,
        "hits_at_5": 0.23347605709782804,
        "hits_at_10": 0.33484144081376693,
        "hits_at_20": 0.47764082266610397
      },
      "micro_minus_macro_gap": {
        "mrr": -0.013198152988873335,
        "hits_at_1": -0.009146138062112716,
        "hits_at_3": -0.01923949320034138,
        "hits_at_5": -0.020313880276276786,
        "hits_at_10": -0.017719762997820465,
        "hits_at_20": -0.0205806165550933
      }
    },
    "head": {
      "micro": {
        "mrr": 0.013281219931851575,
        "mean_rank": 1702.362321460857,
        "n": 5531,
        "hits_at_1": 0.0030735852467908154,
        "hits_at_3": 0.00903995660820828,
        "hits_at_5": 0.015367926233954077,
        "hits_at_10": 0.02639667329596818,
        "hits_at_20": 0.04863496655216055
      },
      "macro": {
        "mrr": 0.021737786332990654,
        "n_groups": 339,
        "hits_at_1": 0.003797273580349829,
        "hits_at_3": 0.012438284861200794,
        "hits_at_5": 0.022978698896502385,
        "hits_at_10": 0.04539940192785022,
        "hits_at_20": 0.10227150861181226
      },
      "micro_minus_macro_gap": {
        "mrr": -0.008456566401139079,
        "hits_at_1": -0.0007236883335590134,
        "hits_at_3": -0.003398328252992513,
        "hits_at_5": -0.007610772662548308,
        "hits_at_10": -0.01900272863188204,
        "hits_at_20": -0.053636542059651716
      }
    },
    "both": {
      "micro": {
        "mrr": 0.08147689007270602,
        "mean_rank": 875.8354727897306,
        "n": 11062,
        "hits_at_1": 0.0341710359790273,
        "hits_at_3": 0.07955161815223287,
        "hits_at_5": 0.11426505152775267,
        "hits_at_10": 0.17175917555595732,
        "hits_at_20": 0.2528475863315856
      },
      "macro": {
        "mrr": 0.1449179694092851,
        "n_groups": 2665,
        "hits_at_1": 0.06543177972480764,
        "hits_at_3": 0.14934890368684275,
        "hits_at_5": 0.20669984530411342,
        "hits_at_10": 0.29802311016373845,
        "hits_at_20": 0.42989215570009837
      },
      "micro_minus_macro_gap": {
        "mrr": -0.0634410793365791,
        "hits_at_1": -0.03126074374578034,
        "hits_at_3": -0.06979728553460988,
        "hits_at_5": -0.09243479377636075,
        "hits_at_10": -0.12626393460778113,
        "hits_at_20": -0.17704456936851276
      }
    },
    "both_mrr_ci95": [
      0.0777354325905057,
      0.0852427079139514
    ],
    "protocol": "full ranking over same-type candidate pool, filtered (train+valid+test), realistic rank; tail grouped by head, head grouped by tail",
    "both_mean_reciprocal_rank": 0.08147689007270602,
    "both_hits_at_1": 0.0341710359790273,
    "both_hits_at_3": 0.07955161815223287,
    "both_hits_at_5": 0.11426505152775267,
    "both_hits_at_10": 0.17175917555595732,
    "both_hits_at_20": 0.2528475863315856
  },
  "hardneg_auroc": {
    "num_pos": 5531,
    "num_neg": 504,
    "prevalence_floor": 0.9164871582435791,
    "auprc": 0.8717405069745681,
    "auprc_ci95": [
      0.8648136019001376,
      0.8788539322875258
    ],
    "auprc_over_floor": 0.9511759102497773,
    "auroc": 0.301410627832161,
    "auroc_ci95": [
      0.27916784150229734,
      0.3243289894906917
    ],
    "auroc_floor": 0.5,
    "fpr_at_median_pos": 0.7976190476190477
  },
  "stratified_note": "recompute offline from raw dump + *_proximity.tsv (aggregate.py)"
}