{
  "task": "task1",
  "model": "TransE",
  "setting": "transductive",
  "seed": 42,
  "model_type": "kge",
  "elapsed_sec": 118.6,
  "num_train": 120868,
  "num_test_eval": 5531,
  "num_test_oov": 195,
  "early_stopping": {
    "stopped_early": true,
    "best_epoch": 40,
    "best_metric": 0.0639830157160759
  },
  "ranking": {
    "tail": {
      "micro": {
        "mrr": 0.10826576833209188,
        "mean_rank": 55.783764237931656,
        "n": 5531,
        "hits_at_1": 0.03959500994395227,
        "hits_at_3": 0.09003796781775447,
        "hits_at_5": 0.14319291267401915,
        "hits_at_10": 0.2485988067257277,
        "hits_at_20": 0.3948653046465377
      },
      "macro": {
        "mrr": 0.12630692298202126,
        "n_groups": 2326,
        "hits_at_1": 0.049103850704190904,
        "hits_at_3": 0.110482633116797,
        "hits_at_5": 0.17281732121459775,
        "hits_at_10": 0.28780845994157706,
        "hits_at_20": 0.44531657646937656
      },
      "micro_minus_macro_gap": {
        "mrr": -0.018041154649929378,
        "hits_at_1": -0.009508840760238634,
        "hits_at_3": -0.020444665299042528,
        "hits_at_5": -0.0296244085405786,
        "hits_at_10": -0.03920965321584935,
        "hits_at_20": -0.05045127182283887
      }
    },
    "head": {
      "micro": {
        "mrr": 0.023059573110476014,
        "mean_rank": 1156.9451274633882,
        "n": 5531,
        "hits_at_1": 0.0063279696257457965,
        "hits_at_3": 0.0173567166877599,
        "hits_at_5": 0.027481468088953173,
        "hits_at_10": 0.04809256915566805,
        "hits_at_20": 0.07955161815223287
      },
      "macro": {
        "mrr": 0.03838486482363465,
        "n_groups": 339,
        "hits_at_1": 0.013255662514706829,
        "hits_at_3": 0.03177102520061931,
        "hits_at_5": 0.047710485607859995,
        "hits_at_10": 0.07710635989816063,
        "hits_at_20": 0.12512511693347023
      },
      "micro_minus_macro_gap": {
        "mrr": -0.015325291713158638,
        "hits_at_1": -0.0069276928889610324,
        "hits_at_3": -0.014414308512859408,
        "hits_at_5": -0.020229017518906822,
        "hits_at_10": -0.02901379074249258,
        "hits_at_20": -0.04557349878123736
      }
    },
    "both": {
      "micro": {
        "mrr": 0.06566267072128393,
        "mean_rank": 606.3644458506599,
        "n": 11062,
        "hits_at_1": 0.02296148978484903,
        "hits_at_3": 0.053697342252757185,
        "hits_at_5": 0.08533719038148617,
        "hits_at_10": 0.14834568794069788,
        "hits_at_20": 0.23720846139938528
      },
      "macro": {
        "mrr": 0.11512284128757735,
        "n_groups": 2665,
        "hits_at_1": 0.044543799748755594,
        "hits_at_3": 0.10047016216610875,
        "hits_at_5": 0.15690316839257745,
        "hits_at_10": 0.26100620406363406,
        "hits_at_20": 0.4045867810537397
      },
      "micro_minus_macro_gap": {
        "mrr": -0.04946017056629343,
        "hits_at_1": -0.021582309963906563,
        "hits_at_3": -0.04677281991335157,
        "hits_at_5": -0.07156597801109128,
        "hits_at_10": -0.11266051612293618,
        "hits_at_20": -0.1673783196543544
      }
    },
    "both_mrr_ci95": [
      0.06274406374235185,
      0.06909167491224848
    ],
    "protocol": "full ranking over same-type candidate pool, filtered (train+valid+test), realistic rank; tail grouped by head, head grouped by tail",
    "both_mean_reciprocal_rank": 0.06566267072128393,
    "both_hits_at_1": 0.02296148978484903,
    "both_hits_at_3": 0.053697342252757185,
    "both_hits_at_5": 0.08533719038148617,
    "both_hits_at_10": 0.14834568794069788,
    "both_hits_at_20": 0.23720846139938528
  },
  "hardneg_auroc": {
    "num_pos": 5531,
    "num_neg": 504,
    "prevalence_floor": 0.9164871582435791,
    "auprc": 0.876886742746122,
    "auprc_ci95": [
      0.8696514811158302,
      0.8850661999972365
    ],
    "auprc_over_floor": 0.9567910852418815,
    "auroc": 0.34936849445979806,
    "auroc_ci95": [
      0.32639921129965876,
      0.3740855294688237
    ],
    "auroc_floor": 0.5,
    "fpr_at_median_pos": 0.7182539682539683
  },
  "stratified_note": "recompute offline from raw dump + *_proximity.tsv (aggregate.py)"
}