{
  "task": "task1",
  "model": "TransE",
  "setting": "transductive_with_bridges",
  "seed": 42,
  "model_type": "kge",
  "elapsed_sec": 2546.4,
  "num_train": 3675029,
  "num_test_eval": 5531,
  "num_test_oov": 195,
  "early_stopping": {
    "stopped_early": true,
    "best_epoch": 25,
    "best_metric": 0.052243199199438095
  },
  "ranking": {
    "tail": {
      "micro": {
        "mrr": 0.09318619891152773,
        "mean_rank": 69.5817212077382,
        "n": 5531,
        "hits_at_1": 0.031639848128728984,
        "hits_at_3": 0.08732598083529199,
        "hits_at_5": 0.12493220032543843,
        "hits_at_10": 0.20050623757005967,
        "hits_at_20": 0.3116977038510215
      },
      "macro": {
        "mrr": 0.11829900599482206,
        "n_groups": 2326,
        "hits_at_1": 0.0439899164393538,
        "hits_at_3": 0.12438791381812617,
        "hits_at_5": 0.1701914490691641,
        "hits_at_10": 0.25044979613206464,
        "hits_at_20": 0.3664779699170237
      },
      "micro_minus_macro_gap": {
        "mrr": -0.02511280708329433,
        "hits_at_1": -0.012350068310624816,
        "hits_at_3": -0.03706193298283418,
        "hits_at_5": -0.04525924874372568,
        "hits_at_10": -0.04994355856200497,
        "hits_at_20": -0.05478026606600217
      }
    },
    "head": {
      "micro": {
        "mrr": 0.01016357394263669,
        "mean_rank": 1787.1027843066354,
        "n": 5531,
        "hits_at_1": 0.0019887904538058217,
        "hits_at_3": 0.00741276441873079,
        "hits_at_5": 0.011751943590670765,
        "hits_at_10": 0.019887904538058217,
        "hits_at_20": 0.032724642921713974
      },
      "macro": {
        "mrr": 0.021712641155992123,
        "n_groups": 339,
        "hits_at_1": 0.008192331582597995,
        "hits_at_3": 0.015711283672352045,
        "hits_at_5": 0.02430084362087879,
        "hits_at_10": 0.044473069195502216,
        "hits_at_20": 0.07028892806075315
      },
      "micro_minus_macro_gap": {
        "mrr": -0.011549067213355434,
        "hits_at_1": -0.006203541128792173,
        "hits_at_3": -0.008298519253621255,
        "hits_at_5": -0.012548900030208024,
        "hits_at_10": -0.024585164657443998,
        "hits_at_20": -0.03756428513903918
      }
    },
    "both": {
      "micro": {
        "mrr": 0.05167488642708222,
        "mean_rank": 928.3422527571868,
        "n": 11062,
        "hits_at_1": 0.0168143192912674,
        "hits_at_3": 0.04736937262701139,
        "hits_at_5": 0.0683420719580546,
        "hits_at_10": 0.11019707105405895,
        "hits_at_20": 0.17221117338636774
      },
      "macro": {
        "mrr": 0.10601278547686209,
        "n_groups": 2665,
        "hits_at_1": 0.03943630245569893,
        "hits_at_3": 0.11056375711290385,
        "hits_at_5": 0.15163350713784376,
        "hits_at_10": 0.22424862899079084,
        "hits_at_20": 0.3288013901086651
      },
      "micro_minus_macro_gap": {
        "mrr": -0.05433789904977987,
        "hits_at_1": -0.02262198316443153,
        "hits_at_3": -0.06319438448589246,
        "hits_at_5": -0.08329143517978917,
        "hits_at_10": -0.1140515579367319,
        "hits_at_20": -0.15659021672229737
      }
    },
    "both_mrr_ci95": [
      0.04902571197059556,
      0.05442539451796485
    ],
    "protocol": "full ranking over same-type candidate pool, filtered (train+valid+test), realistic rank; tail grouped by head, head grouped by tail",
    "both_mean_reciprocal_rank": 0.05167488642708222,
    "both_hits_at_1": 0.0168143192912674,
    "both_hits_at_3": 0.04736937262701139,
    "both_hits_at_5": 0.0683420719580546,
    "both_hits_at_10": 0.11019707105405895,
    "both_hits_at_20": 0.17221117338636774
  },
  "hardneg_auroc": {
    "num_pos": 5531,
    "num_neg": 504,
    "prevalence_floor": 0.9164871582435791,
    "auprc": 0.9709468984612248,
    "auprc_ci95": [
      0.9680786043599414,
      0.973786964511353
    ],
    "auprc_over_floor": 1.0594222621973408,
    "auroc": 0.7511793197360905,
    "auroc_ci95": [
      0.7313929353456564,
      0.769852910579045
    ],
    "auroc_floor": 0.5,
    "fpr_at_median_pos": 0.125
  },
  "stratified_note": "recompute offline from raw dump + *_proximity.tsv (aggregate.py)"
}