{
  "task": "task1",
  "model": "TuckER",
  "setting": "cold_disease",
  "seed": 42,
  "model_type": "kge",
  "num_train": 129139,
  "num_test_eval": 1928,
  "num_test_oov": 48,
  "ranking": {
    "both": {
      "micro": {
        "mrr": 0.0083,
        "hits_at_1": 0.0013,
        "hits_at_3": 0.0044,
        "hits_at_5": 0.0075,
        "hits_at_10": 0.0145,
        "hits_at_20": 0.026
      },
      "macro": {
        "mrr": 0.0109
      },
      "micro_minus_macro_gap": {
        "mrr": -0.0026
      }
    },
    "both_mrr_ci95": [
      0.007,
      0.0098
    ]
  },
  "hardneg_auroc": {
    "num_pos": 1928,
    "num_neg": 78,
    "prevalence_floor": 0.9611166500498505,
    "auprc": 0.9535,
    "auprc_ci95": [
      0.942,
      0.9645
    ],
    "auprc_over_floor": 0.9920751671161834,
    "auroc": 0.442,
    "auroc_ci95": [
      0.349,
      0.538
    ],
    "auroc_floor": 0.5,
    "fpr_at_median_pos": 0.6153846153846154
  }
}
