{
  "task": "task1",
  "model": "TuckER",
  "setting": "transductive",
  "seed": 42,
  "model_type": "kge",
  "elapsed_sec": 995.3,
  "num_train": 120868,
  "num_test_eval": 5531,
  "num_test_oov": 195,
  "early_stopping": {
    "stopped_early": true,
    "best_epoch": 20,
    "best_metric": 0.09141072630882263
  },
  "ranking": {
    "tail": {
      "micro": {
        "mrr": 0.16759523655999597,
        "mean_rank": 46.32760802748147,
        "n": 5531,
        "hits_at_1": 0.07340444765865124,
        "hits_at_3": 0.17645995299222564,
        "hits_at_5": 0.2485988067257277,
        "hits_at_10": 0.3632254565178087,
        "hits_at_20": 0.49448562646899297
      },
      "macro": {
        "mrr": 0.18111039170904022,
        "n_groups": 2326,
        "hits_at_1": 0.07951701652989551,
        "hits_at_3": 0.19114605730647455,
        "hits_at_5": 0.26986607454213724,
        "hits_at_10": 0.3985635436275647,
        "hits_at_20": 0.540824073565391
      },
      "micro_minus_macro_gap": {
        "mrr": -0.01351515514904425,
        "hits_at_1": -0.00611256887124427,
        "hits_at_3": -0.01468610431424891,
        "hits_at_5": -0.02126726781640953,
        "hits_at_10": -0.035338087109756,
        "hits_at_20": -0.046338447096398006
      }
    },
    "head": {
      "micro": {
        "mrr": 0.021918145977729744,
        "mean_rank": 1146.037244621226,
        "n": 5531,
        "hits_at_1": 0.006508768757909962,
        "hits_at_3": 0.016633520159103236,
        "hits_at_5": 0.024588681974326523,
        "hits_at_10": 0.04339179171939975,
        "hits_at_20": 0.07557403724462122
      },
      "macro": {
        "mrr": 0.030700614694932425,
        "n_groups": 339,
        "hits_at_1": 0.009475924648247015,
        "hits_at_3": 0.024423110681730892,
        "hits_at_5": 0.03508185728016862,
        "hits_at_10": 0.062189329478369595,
        "hits_at_20": 0.10414372983978044
      },
      "micro_minus_macro_gap": {
        "mrr": -0.00878246871720268,
        "hits_at_1": -0.002967155890337053,
        "hits_at_3": -0.0077895905226276554,
        "hits_at_5": -0.010493175305842095,
        "hits_at_10": -0.01879753775896985,
        "hits_at_20": -0.02856969259515922
      }
    },
    "both": {
      "micro": {
        "mrr": 0.09475669126886288,
        "mean_rank": 596.1824263243536,
        "n": 11062,
        "hits_at_1": 0.0399566082082806,
        "hits_at_3": 0.09654673657566444,
        "hits_at_5": 0.1365937443500271,
        "hits_at_10": 0.20330862411860423,
        "hits_at_20": 0.2850298318568071
      },
      "macro": {
        "mrr": 0.16197759080555713,
        "n_groups": 2665,
        "hits_at_1": 0.07060747426052259,
        "hits_at_3": 0.1699381477733458,
        "hits_at_5": 0.24000046491669352,
        "hits_at_10": 0.3557752289571793,
        "hits_at_20": 0.48527636755301495
      },
      "micro_minus_macro_gap": {
        "mrr": -0.06722089953669425,
        "hits_at_1": -0.030650866052241994,
        "hits_at_3": -0.07339141119768135,
        "hits_at_5": -0.10340672056666642,
        "hits_at_10": -0.15246660483857505,
        "hits_at_20": -0.20024653569620787
      }
    },
    "both_mrr_ci95": [
      0.09076900182935906,
      0.09852841648337056
    ],
    "protocol": "full ranking over same-type candidate pool, filtered (train+valid+test), realistic rank; tail grouped by head, head grouped by tail",
    "both_mean_reciprocal_rank": 0.09475669126886288,
    "both_hits_at_1": 0.0399566082082806,
    "both_hits_at_3": 0.09654673657566444,
    "both_hits_at_5": 0.1365937443500271,
    "both_hits_at_10": 0.20330862411860423,
    "both_hits_at_20": 0.2850298318568071
  },
  "hardneg_auroc": {
    "num_pos": 5531,
    "num_neg": 504,
    "prevalence_floor": 0.9164871582435791,
    "auprc": 0.8960348807496361,
    "auprc_ci95": [
      0.890259961142842,
      0.9022846057549824
    ],
    "auprc_over_floor": 0.9776840544791275,
    "auroc": 0.364885292995038,
    "auroc_ci95": [
      0.34490192185172747,
      0.3856682070465744
    ],
    "auroc_floor": 0.5,
    "fpr_at_median_pos": 0.7321428571428571
  },
  "stratified_note": "recompute offline from raw dump + *_proximity.tsv (aggregate.py)"
}