{
  "task": "task2",
  "model": "CN",
  "setting": "B",
  "seed": 42,
  "model_type": "structural",
  "num_train": 1484275,
  "needs_surrogate": true,
  "auroc_eval": {
    "num_pos": 2329,
    "num_neg": 81,
    "prevalence_floor": 0.9663900414937759,
    "auprc": 0.9836646499045179,
    "auprc_ci95": [
      0.9788367927226312,
      0.9872892448781332
    ],
    "auprc_over_floor": 1.0178753998582601,
    "auroc": 0.7500013252124316,
    "auroc_ci95": [
      0.7010204135722955,
      0.7935273974418098
    ],
    "auroc_floor": 0.5,
    "fpr_at_median_pos": 0.16049382716049382,
    "scoring_relation": "structural"
  },
  "stratified_note": "recompute capacity-layer strata offline from raw + test_microbe_capacity_layer.tsv",
  "early_stopping": null,
  "elapsed_sec": 3.9
}