{
  "task": "task2",
  "model": "CN",
  "setting": "C100",
  "seed": 42,
  "model_type": "structural",
  "num_train": 1484375,
  "needs_surrogate": false,
  "auroc_eval": {
    "num_pos": 2714,
    "num_neg": 104,
    "prevalence_floor": 0.9630943931866572,
    "auprc": 0.9793948179394631,
    "auprc_ci95": [
      0.9751825896594527,
      0.982535743221382
    ],
    "auprc_over_floor": 1.0169250541464285,
    "auroc": 0.7127501275437901,
    "auroc_ci95": [
      0.675779345700357,
      0.7491710539368517
    ],
    "auroc_floor": 0.5,
    "fpr_at_median_pos": 0.19230769230769232,
    "scoring_relation": "structural"
  },
  "stratified_note": "recompute capacity-layer strata offline from raw + test_microbe_capacity_layer.tsv",
  "early_stopping": null,
  "elapsed_sec": 4.1
}