{
  "task": "task2",
  "model": "ComplEx",
  "setting": "A",
  "seed": 42,
  "model_type": "kge",
  "num_train": 1351619,
  "needs_surrogate": false,
  "ranking": {
    "tail": {
      "micro": {
        "mrr": 0.590406447643802,
        "mean_rank": 6.993740760963656,
        "n": 75089,
        "hits_at_1": 0.442594787518811,
        "hits_at_3": 0.6860125983832519,
        "hits_at_5": 0.7810598090266218,
        "hits_at_10": 0.8721916658898108,
        "hits_at_20": 0.9339583694016433
      },
      "macro": {
        "mrr": 0.5074136982628663,
        "n_groups": 6365,
        "hits_at_1": 0.3624957300816004,
        "hits_at_3": 0.5844764983194362,
        "hits_at_5": 0.6830116940499887,
        "hits_at_10": 0.798417637300865,
        "hits_at_20": 0.8907825131786428
      },
      "micro_minus_macro_gap": {
        "mrr": 0.0829927493809357,
        "hits_at_1": 0.08009905743721057,
        "hits_at_3": 0.10153610006381575,
        "hits_at_5": 0.09804811497663302,
        "hits_at_10": 0.07377402858894577,
        "hits_at_20": 0.043175856223000575
      }
    },
    "head": {
      "micro": {
        "mrr": 0.5352900787355943,
        "mean_rank": 88.25100214412231,
        "n": 75089,
        "hits_at_1": 0.48497116754784325,
        "hits_at_3": 0.5487221830094954,
        "hits_at_5": 0.580231458669046,
        "hits_at_10": 0.6295329542276499,
        "hits_at_20": 0.6891954880208819
      },
      "macro": {
        "mrr": 0.5405167353629005,
        "n_groups": 756,
        "hits_at_1": 0.498574951026921,
        "hits_at_3": 0.5515749128891515,
        "hits_at_5": 0.5765831465815902,
        "hits_at_10": 0.6184889748220197,
        "hits_at_20": 0.6694214682290549
      },
      "micro_minus_macro_gap": {
        "mrr": -0.005226656627306148,
        "hits_at_1": -0.013603783479077758,
        "hits_at_3": -0.002852729879656124,
        "hits_at_5": 0.0036483120874558628,
        "hits_at_10": 0.011043979405630178,
        "hits_at_20": 0.019774019791827024
      }
    },
    "both": {
      "micro": {
        "mrr": 0.5628482631896983,
        "mean_rank": 47.622371452542986,
        "n": 150178,
        "hits_at_1": 0.46378297753332715,
        "hits_at_3": 0.6173673906963736,
        "hits_at_5": 0.6806456338478339,
        "hits_at_10": 0.7508623100587303,
        "hits_at_20": 0.8115769287112626
      },
      "macro": {
        "mrr": 0.510928077710644,
        "n_groups": 7121,
        "hits_at_1": 0.376942562132529,
        "hits_at_3": 0.5809835059608777,
        "hits_at_5": 0.6717127217306362,
        "hits_at_10": 0.7793155352317727,
        "hits_at_20": 0.8672817478392398
      },
      "micro_minus_macro_gap": {
        "mrr": 0.051920185479054304,
        "hits_at_1": 0.08684041540079812,
        "hits_at_3": 0.03638388473549592,
        "hits_at_5": 0.008932912117197711,
        "hits_at_10": -0.028453225173042385,
        "hits_at_20": -0.0557048191279772
      }
    },
    "both_mrr_ci95": [
      0.5607215057172417,
      0.5649629313329547
    ],
    "protocol": "full ranking over same-type candidate pool, filtered (train+valid+test), realistic rank; tail grouped by head, head grouped by tail",
    "both_mean_reciprocal_rank": 0.5628482631896983,
    "both_hits_at_1": 0.46378297753332715,
    "both_hits_at_3": 0.6173673906963736,
    "both_hits_at_5": 0.6806456338478339,
    "both_hits_at_10": 0.7508623100587303,
    "both_hits_at_20": 0.8115769287112626
  },
  "num_test_eval": 75089,
  "num_test_oov": 1,
  "early_stopping": {
    "stopped_early": true,
    "best_epoch": 105,
    "best_metric": 0.11099540442228317
  },
  "elapsed_sec": 2230.9
}