{
  "task": "task2",
  "model": "ConvE",
  "setting": "A",
  "seed": 42,
  "model_type": "kge",
  "num_train": 1351619,
  "needs_surrogate": false,
  "ranking": {
    "tail": {
      "micro": {
        "mrr": 0.07321852802812848,
        "mean_rank": 84.47751335082368,
        "n": 75089,
        "hits_at_1": 0.024504254950791726,
        "hits_at_3": 0.058663719053389976,
        "hits_at_5": 0.08912090985364035,
        "hits_at_10": 0.15460320419768542,
        "hits_at_20": 0.25858647738017554
      },
      "macro": {
        "mrr": 0.07197141551691857,
        "n_groups": 6365,
        "hits_at_1": 0.02494320288336175,
        "hits_at_3": 0.05912662884600963,
        "hits_at_5": 0.08908293775474274,
        "hits_at_10": 0.15047784647942639,
        "hits_at_20": 0.2475325978159506
      },
      "micro_minus_macro_gap": {
        "mrr": 0.0012471125112099024,
        "hits_at_1": -0.00043894793257002324,
        "hits_at_3": -0.00046290979261965487,
        "hits_at_5": 3.797209889760955e-05,
        "hits_at_10": 0.004125357718259032,
        "hits_at_20": 0.011053879564224933
      }
    },
    "head": {
      "micro": {
        "mrr": 0.13571451203395538,
        "mean_rank": 527.0335868103184,
        "n": 75089,
        "hits_at_1": 0.1053416612286753,
        "hits_at_3": 0.13346828430262755,
        "hits_at_5": 0.15211282611301255,
        "hits_at_10": 0.18941522726364715,
        "hits_at_20": 0.24224586823635952
      },
      "macro": {
        "mrr": 0.09838762508369973,
        "n_groups": 756,
        "hits_at_1": 0.06608174154079219,
        "hits_at_3": 0.09760009693126526,
        "hits_at_5": 0.11778948207818814,
        "hits_at_10": 0.15922116914340767,
        "hits_at_20": 0.21472523794732573
      },
      "micro_minus_macro_gap": {
        "mrr": 0.03732688695025564,
        "hits_at_1": 0.039259919687883116,
        "hits_at_3": 0.0358681873713623,
        "hits_at_5": 0.03432334403482441,
        "hits_at_10": 0.03019405812023948,
        "hits_at_20": 0.027520630289033787
      }
    },
    "both": {
      "micro": {
        "mrr": 0.10446652003104193,
        "mean_rank": 305.7555500805711,
        "n": 150178,
        "hits_at_1": 0.06492295808973352,
        "hits_at_3": 0.09606600167800876,
        "hits_at_5": 0.12061686798332645,
        "hits_at_10": 0.17200921573066627,
        "hits_at_20": 0.2504161728082675
      },
      "macro": {
        "mrr": 0.07477588882579185,
        "n_groups": 7121,
        "hits_at_1": 0.029310670265052158,
        "hits_at_3": 0.06321115937156127,
        "hits_at_5": 0.09213056414268332,
        "hits_at_10": 0.1514060801451994,
        "hits_at_20": 0.24404960890137675
      },
      "micro_minus_macro_gap": {
        "mrr": 0.029690631205250076,
        "hits_at_1": 0.03561228782468136,
        "hits_at_3": 0.03285484230644749,
        "hits_at_5": 0.02848630384064313,
        "hits_at_10": 0.020603135585466864,
        "hits_at_20": 0.006366563906890749
      }
    },
    "both_mrr_ci95": [
      0.10310432698563735,
      0.10565950831822127
    ],
    "protocol": "full ranking over same-type candidate pool, filtered (train+valid+test), realistic rank; tail grouped by head, head grouped by tail",
    "both_mean_reciprocal_rank": 0.10446652003104193,
    "both_hits_at_1": 0.06492295808973352,
    "both_hits_at_3": 0.09606600167800876,
    "both_hits_at_5": 0.12061686798332645,
    "both_hits_at_10": 0.17200921573066627,
    "both_hits_at_20": 0.2504161728082675
  },
  "num_test_eval": 75089,
  "num_test_oov": 1,
  "early_stopping": {
    "stopped_early": true,
    "best_epoch": 5,
    "best_metric": 0.042343348264694214
  },
  "elapsed_sec": 11932.3
}