{
  "task": "task2",
  "model": "ConvE",
  "setting": "C100",
  "seed": 42,
  "model_type": "kge",
  "num_train": 1484375,
  "needs_surrogate": false,
  "auroc_eval": {
    "num_pos": 2714,
    "num_neg": 104,
    "prevalence_floor": 0.9630943931866572,
    "auprc": 0.9633227784310192,
    "auprc_ci95": [
      0.9568821452905898,
      0.96914269135334
    ],
    "auprc_over_floor": 1.0002371369265335,
    "auroc": 0.4886627742191486,
    "auroc_ci95": [
      0.4321885097216711,
      0.544756887364662
    ],
    "auroc_floor": 0.5,
    "fpr_at_median_pos": 0.5096153846153846,
    "scoring_relation": "utilizes"
  },
  "stratified_note": "recompute capacity-layer strata offline from raw + test_microbe_capacity_layer.tsv",
  "early_stopping": {
    "stopped_early": true,
    "best_epoch": 55,
    "best_metric": 0.032977472990751266
  },
  "elapsed_sec": 24432.5
}