{
  "task": "task2",
  "model": "DistMult",
  "setting": "A",
  "seed": 42,
  "model_type": "kge",
  "num_train": 1351619,
  "needs_surrogate": false,
  "ranking": {
    "tail": {
      "micro": {
        "mrr": 0.3444130546294808,
        "mean_rank": 12.021907336627203,
        "n": 75089,
        "hits_at_1": 0.19693963163712394,
        "hits_at_3": 0.37602045572587195,
        "hits_at_5": 0.5010853786839617,
        "hits_at_10": 0.6974523565369095,
        "hits_at_20": 0.869062046371639
      },
      "macro": {
        "mrr": 0.34708281392774415,
        "n_groups": 6365,
        "hits_at_1": 0.20831257362981756,
        "hits_at_3": 0.38057230667429903,
        "hits_at_5": 0.49974628326242204,
        "hits_at_10": 0.6731658419276821,
        "hits_at_20": 0.8211109459232092
      },
      "micro_minus_macro_gap": {
        "mrr": -0.0026697592982633522,
        "hits_at_1": -0.01137294199269362,
        "hits_at_3": -0.004551850948427083,
        "hits_at_5": 0.0013390954215397044,
        "hits_at_10": 0.024286514609227372,
        "hits_at_20": 0.04795110044842976
      }
    },
    "head": {
      "micro": {
        "mrr": 0.5386386992263975,
        "mean_rank": 163.59263007897295,
        "n": 75089,
        "hits_at_1": 0.5005659950192438,
        "hits_at_3": 0.5492149316144841,
        "hits_at_5": 0.5735726937367657,
        "hits_at_10": 0.6106486968797028,
        "hits_at_20": 0.6562079665463649
      },
      "macro": {
        "mrr": 0.5387355525538253,
        "n_groups": 756,
        "hits_at_1": 0.5091928024115016,
        "hits_at_3": 0.5436687959717921,
        "hits_at_5": 0.5660686078215733,
        "hits_at_10": 0.5955316332365468,
        "hits_at_20": 0.628176415081679
      },
      "micro_minus_macro_gap": {
        "mrr": -9.685332742781494e-05,
        "hits_at_1": -0.00862680739225774,
        "hits_at_3": 0.005546135642692018,
        "hits_at_5": 0.00750408591519236,
        "hits_at_10": 0.015117063643156015,
        "hits_at_20": 0.028031551464685944
      }
    },
    "both": {
      "micro": {
        "mrr": 0.44152587692793915,
        "mean_rank": 87.80726870780008,
        "n": 150178,
        "hits_at_1": 0.34875281332818386,
        "hits_at_3": 0.4626176936701781,
        "hits_at_5": 0.5373290362103637,
        "hits_at_10": 0.6540505267083061,
        "hits_at_20": 0.762635006459002
      },
      "macro": {
        "mrr": 0.3674296009522235,
        "n_groups": 7121,
        "hits_at_1": 0.24025548234473862,
        "hits_at_3": 0.3978874233585997,
        "hits_at_5": 0.506787383861596,
        "hits_at_10": 0.6649238166825624,
        "hits_at_20": 0.8006280776018785
      },
      "micro_minus_macro_gap": {
        "mrr": 0.07409627597571566,
        "hits_at_1": 0.10849733098344524,
        "hits_at_3": 0.06473027031157835,
        "hits_at_5": 0.0305416523487676,
        "hits_at_10": -0.010873289974256295,
        "hits_at_20": -0.03799307114287653
      }
    },
    "both_mrr_ci95": [
      0.4393932306061326,
      0.44365370722192926
    ],
    "protocol": "full ranking over same-type candidate pool, filtered (train+valid+test), realistic rank; tail grouped by head, head grouped by tail",
    "both_mean_reciprocal_rank": 0.44152587692793915,
    "both_hits_at_1": 0.34875281332818386,
    "both_hits_at_3": 0.4626176936701781,
    "both_hits_at_5": 0.5373290362103637,
    "both_hits_at_10": 0.6540505267083061,
    "both_hits_at_20": 0.762635006459002
  },
  "num_test_eval": 75089,
  "num_test_oov": 1,
  "early_stopping": {
    "stopped_early": true,
    "best_epoch": 95,
    "best_metric": 0.09739843755960464
  },
  "elapsed_sec": 1059.5
}