{
  "task": "task2",
  "model": "DistMult",
  "setting": "C100",
  "seed": 42,
  "model_type": "kge",
  "num_train": 1484375,
  "needs_surrogate": false,
  "auroc_eval": {
    "num_pos": 2714,
    "num_neg": 104,
    "prevalence_floor": 0.9630943931866572,
    "auprc": 0.9673692249807215,
    "auprc_ci95": [
      0.9608562379979778,
      0.9734792264951764
    ],
    "auprc_over_floor": 1.004438642592363,
    "auroc": 0.5347202539538575,
    "auroc_ci95": [
      0.479837452525367,
      0.5918349831358767
    ],
    "auroc_floor": 0.5,
    "fpr_at_median_pos": 0.4519230769230769,
    "scoring_relation": "utilizes"
  },
  "stratified_note": "recompute capacity-layer strata offline from raw + test_microbe_capacity_layer.tsv",
  "early_stopping": {
    "stopped_early": true,
    "best_epoch": 105,
    "best_metric": 0.12836000323295593
  },
  "elapsed_sec": 690.0
}