{
  "task": "task2",
  "model": "L3",
  "setting": "A",
  "seed": 42,
  "model_type": "structural",
  "num_train": 1351619,
  "needs_surrogate": false,
  "ranking": {
    "tail": {
      "micro": {
        "mrr": 0.47670802584372207,
        "mean_rank": 20.777856943094196,
        "n": 75089,
        "hits_at_1": 0.37382306329821946,
        "hits_at_3": 0.5110868436122468,
        "hits_at_5": 0.5693909893592937,
        "hits_at_10": 0.6865586171076988,
        "hits_at_20": 0.7461811983113372
      },
      "macro": {
        "mrr": 0.4828939338938709,
        "n_groups": 6365,
        "hits_at_1": 0.3914860370283821,
        "hits_at_3": 0.5161093582465723,
        "hits_at_5": 0.5691238686453414,
        "hits_at_10": 0.6576678722174073,
        "hits_at_20": 0.7245525797705846
      },
      "micro_minus_macro_gap": {
        "mrr": -0.006185908050148847,
        "hits_at_1": -0.017662973730162623,
        "hits_at_3": -0.00502251463432557,
        "hits_at_5": 0.00026712071395229575,
        "hits_at_10": 0.02889074489029153,
        "hits_at_20": 0.021628618540752598
      }
    },
    "head": {
      "micro": {
        "mrr": 0.5244001672550623,
        "mean_rank": 297.6755050673201,
        "n": 75089,
        "hits_at_1": 0.5066387886374836,
        "hits_at_3": 0.5284262674959048,
        "hits_at_5": 0.5393732770445737,
        "hits_at_10": 0.5529704750362903,
        "hits_at_20": 0.568045918842973
      },
      "macro": {
        "mrr": 0.5717659435644513,
        "n_groups": 756,
        "hits_at_1": 0.555667320486753,
        "hits_at_3": 0.5753866571666024,
        "hits_at_5": 0.5872933613490016,
        "hits_at_10": 0.6058146489084087,
        "hits_at_20": 0.6199798913766448
      },
      "micro_minus_macro_gap": {
        "mrr": -0.047365776309388985,
        "hits_at_1": -0.049028531849269474,
        "hits_at_3": -0.0469603896706976,
        "hits_at_5": -0.047920084304427846,
        "hits_at_10": -0.05284417387211848,
        "hits_at_20": -0.051933972533671824
      }
    },
    "both": {
      "micro": {
        "mrr": 0.5005540965493923,
        "mean_rank": 159.22668100520715,
        "n": 150178,
        "hits_at_1": 0.44023092596785146,
        "hits_at_3": 0.5197565555540758,
        "hits_at_5": 0.5543821332019337,
        "hits_at_10": 0.6197645460719946,
        "hits_at_20": 0.6571135585771551
      },
      "macro": {
        "mrr": 0.4923290187570865,
        "n_groups": 7121,
        "hits_at_1": 0.40891632073776674,
        "hits_at_3": 0.5224025246534734,
        "hits_at_5": 0.5710528303759925,
        "hits_at_10": 0.65216288179168,
        "hits_at_20": 0.713450634478376
      },
      "micro_minus_macro_gap": {
        "mrr": 0.008225077792305802,
        "hits_at_1": 0.031314605230084724,
        "hits_at_3": -0.002645969099397516,
        "hits_at_5": -0.01667069717405878,
        "hits_at_10": -0.03239833571968542,
        "hits_at_20": -0.056337075901220834
      }
    },
    "both_mrr_ci95": [
      0.4982552412089287,
      0.5027339766994413
    ],
    "protocol": "full ranking over same-type candidate pool, filtered (train+valid+test), realistic rank; tail grouped by head, head grouped by tail",
    "both_mean_reciprocal_rank": 0.5005540965493923,
    "both_hits_at_1": 0.44023092596785146,
    "both_hits_at_3": 0.5197565555540758,
    "both_hits_at_5": 0.5543821332019337,
    "both_hits_at_10": 0.6197645460719946,
    "both_hits_at_20": 0.6571135585771551
  },
  "num_test_eval": 75089,
  "num_test_oov": 1,
  "early_stopping": null,
  "elapsed_sec": 38.6
}