{
  "task": "task2",
  "model": "L3",
  "setting": "B",
  "seed": 42,
  "model_type": "structural",
  "num_train": 1484275,
  "needs_surrogate": true,
  "auroc_eval": {
    "num_pos": 2329,
    "num_neg": 81,
    "prevalence_floor": 0.9663900414937759,
    "auprc": 0.9742366871383538,
    "auprc_ci95": [
      0.9677356138308969,
      0.9801026819182248
    ],
    "auprc_over_floor": 1.008119543153041,
    "auroc": 0.5810446914640417,
    "auroc_ci95": [
      0.5243676086276631,
      0.6416809127003059
    ],
    "auroc_floor": 0.5,
    "fpr_at_median_pos": 0.35802469135802467,
    "scoring_relation": "structural"
  },
  "stratified_note": "recompute capacity-layer strata offline from raw + test_microbe_capacity_layer.tsv",
  "early_stopping": null,
  "elapsed_sec": 11.1
}