{
  "task": "task2",
  "model": "L3",
  "setting": "C100",
  "seed": 42,
  "model_type": "structural",
  "num_train": 1484375,
  "needs_surrogate": false,
  "auroc_eval": {
    "num_pos": 2714,
    "num_neg": 104,
    "prevalence_floor": 0.9630943931866572,
    "auprc": 0.9685536278941403,
    "auprc_ci95": [
      0.9627253057232689,
      0.9738703917382939
    ],
    "auprc_over_floor": 1.0056684316159497,
    "auroc": 0.5112362536137407,
    "auroc_ci95": [
      0.4646262169803299,
      0.5589624755541068
    ],
    "auroc_floor": 0.5,
    "fpr_at_median_pos": 0.5576923076923077,
    "scoring_relation": "structural"
  },
  "stratified_note": "recompute capacity-layer strata offline from raw + test_microbe_capacity_layer.tsv",
  "early_stopping": null,
  "elapsed_sec": 12.8
}