{
  "task": "task2",
  "model": "PairRE",
  "setting": "A",
  "seed": 42,
  "model_type": "kge",
  "num_train": 1351619,
  "needs_surrogate": false,
  "ranking": {
    "tail": {
      "micro": {
        "mrr": 0.6918826885475422,
        "mean_rank": 5.324747965747314,
        "n": 75089,
        "hits_at_1": 0.5718813674439664,
        "hits_at_3": 0.7781299524564184,
        "hits_at_5": 0.8422005886348201,
        "hits_at_10": 0.9078693283969689,
        "hits_at_20": 0.9520835275473105
      },
      "macro": {
        "mrr": 0.5963916234676442,
        "n_groups": 6365,
        "hits_at_1": 0.46328010366952177,
        "hits_at_3": 0.6803855445483556,
        "hits_at_5": 0.7579043989220726,
        "hits_at_10": 0.8490847336691644,
        "hits_at_20": 0.9177506197061928
      },
      "micro_minus_macro_gap": {
        "mrr": 0.09549106507989802,
        "hits_at_1": 0.10860126377444468,
        "hits_at_3": 0.09774440790806271,
        "hits_at_5": 0.08429618971274744,
        "hits_at_10": 0.05878459472780451,
        "hits_at_20": 0.034332907841117755
      }
    },
    "head": {
      "micro": {
        "mrr": 0.566880849121048,
        "mean_rank": 69.27765052138129,
        "n": 75089,
        "hits_at_1": 0.5177056559549335,
        "hits_at_3": 0.5801915060794524,
        "hits_at_5": 0.6112213506638788,
        "hits_at_10": 0.6634926553822798,
        "hits_at_20": 0.7189202146785815
      },
      "macro": {
        "mrr": 0.6113092882834352,
        "n_groups": 756,
        "hits_at_1": 0.5649649146651126,
        "hits_at_3": 0.6261214417188494,
        "hits_at_5": 0.6566908992663241,
        "hits_at_10": 0.7034737645999616,
        "hits_at_20": 0.7512251913003124
      },
      "micro_minus_macro_gap": {
        "mrr": -0.04442843916238726,
        "hits_at_1": -0.04725925871017911,
        "hits_at_3": -0.04592993563939707,
        "hits_at_5": -0.04546954860244523,
        "hits_at_10": -0.03998110921768183,
        "hits_at_20": -0.03230497662173093
      }
    },
    "both": {
      "micro": {
        "mrr": 0.6293817688342951,
        "mean_rank": 37.301199243564305,
        "n": 150178,
        "hits_at_1": 0.54479351169945,
        "hits_at_3": 0.6791607292679354,
        "hits_at_5": 0.7267109696493494,
        "hits_at_10": 0.7856809918896243,
        "hits_at_20": 0.8355018711129459
      },
      "macro": {
        "mrr": 0.5979753553312502,
        "n_groups": 7121,
        "hits_at_1": 0.4740754578490845,
        "hits_at_3": 0.6746246034250435,
        "hits_at_5": 0.7471590814470347,
        "hits_at_10": 0.8336259648703556,
        "hits_at_20": 0.9000714701661218
      },
      "micro_minus_macro_gap": {
        "mrr": 0.03140641350304485,
        "hits_at_1": 0.0707180538503655,
        "hits_at_3": 0.004536125842891869,
        "hits_at_5": -0.020448111797685242,
        "hits_at_10": -0.047944972980731304,
        "hits_at_20": -0.06456959905317583
      }
    },
    "both_mrr_ci95": [
      0.6272656476676273,
      0.6316575149972141
    ],
    "protocol": "full ranking over same-type candidate pool, filtered (train+valid+test), realistic rank; tail grouped by head, head grouped by tail",
    "both_mean_reciprocal_rank": 0.6293817688342951,
    "both_hits_at_1": 0.54479351169945,
    "both_hits_at_3": 0.6791607292679354,
    "both_hits_at_5": 0.7267109696493494,
    "both_hits_at_10": 0.7856809918896243,
    "both_hits_at_20": 0.8355018711129459
  },
  "num_test_eval": 75089,
  "num_test_oov": 1,
  "early_stopping": {
    "stopped_early": true,
    "best_epoch": 65,
    "best_metric": 0.12121928483247757
  },
  "elapsed_sec": 1132.4
}