{
  "task": "task2",
  "model": "PairRE",
  "setting": "C50",
  "seed": 42,
  "model_type": "kge",
  "num_train": 1484325,
  "needs_surrogate": false,
  "auroc_eval": {
    "num_pos": 2655,
    "num_neg": 102,
    "prevalence_floor": 0.9630032644178455,
    "auprc": 0.9679241317052933,
    "auprc_ci95": [
      0.962317693404993,
      0.9739236033185501
    ],
    "auprc_over_floor": 1.0051099175561182,
    "auroc": 0.5344448137070271,
    "auroc_ci95": [
      0.48173017983087774,
      0.5969624459953473
    ],
    "auroc_floor": 0.5,
    "fpr_at_median_pos": 0.5196078431372549,
    "scoring_relation": "utilizes"
  },
  "stratified_note": "recompute capacity-layer strata offline from raw + test_microbe_capacity_layer.tsv",
  "early_stopping": {
    "stopped_early": false,
    "best_epoch": 195,
    "best_metric": 0.49540209770202637
  },
  "elapsed_sec": 1321.0
}