{
  "task": "task2",
  "model": "PairRE",
  "setting": "C500",
  "seed": 42,
  "model_type": "kge",
  "num_train": 1484775,
  "needs_surrogate": false,
  "auroc_eval": {
    "num_pos": 2767,
    "num_neg": 140,
    "prevalence_floor": 0.9518403852769178,
    "auprc": 0.9616664502833052,
    "auprc_ci95": [
      0.9563492885321776,
      0.9668905749549006
    ],
    "auprc_over_floor": 1.0103232276738592,
    "auroc": 0.5447415973979038,
    "auroc_ci95": [
      0.5012386416438639,
      0.5875356884712685
    ],
    "auroc_floor": 0.5,
    "fpr_at_median_pos": 0.4357142857142857,
    "scoring_relation": "utilizes"
  },
  "stratified_note": "recompute capacity-layer strata offline from raw + test_microbe_capacity_layer.tsv",
  "early_stopping": {
    "stopped_early": false,
    "best_epoch": 200,
    "best_metric": 0.5056225061416626
  },
  "elapsed_sec": 1301.9
}