{
  "task": "task2",
  "model": "PairRE",
  "setting": "C100",
  "seed": 42,
  "model_type": "kge",
  "num_train": 1484375,
  "needs_surrogate": false,
  "auroc_eval": {
    "num_pos": 2714,
    "num_neg": 104,
    "prevalence_floor": 0.9630943931866572,
    "auprc": 0.9679827740902196,
    "auprc_ci95": [
      0.9618461052342977,
      0.9737698449700658
    ],
    "auprc_over_floor": 1.0050757027952244,
    "auroc": 0.5341392211325888,
    "auroc_ci95": [
      0.4799996279972791,
      0.5882051223003231
    ],
    "auroc_floor": 0.5,
    "fpr_at_median_pos": 0.4423076923076923,
    "scoring_relation": "utilizes"
  },
  "stratified_note": "recompute capacity-layer strata offline from raw + test_microbe_capacity_layer.tsv",
  "early_stopping": {
    "stopped_early": false,
    "best_epoch": 200,
    "best_metric": 0.4976312518119812
  },
  "elapsed_sec": 1350.4
}