{
  "task": "task2",
  "model": "Popularity",
  "setting": "A",
  "seed": 42,
  "model_type": "trivial",
  "num_train": 1351619,
  "needs_surrogate": false,
  "ranking": {
    "tail": {
      "micro": {
        "mrr": 0.35898352443901693,
        "mean_rank": 35.74485610408981,
        "n": 75089,
        "hits_at_1": 0.28989599009175776,
        "hits_at_3": 0.36416785414641295,
        "hits_at_5": 0.40349451983646073,
        "hits_at_10": 0.45994752893233365,
        "hits_at_20": 0.638988400431488
      },
      "macro": {
        "mrr": 0.4172611885455004,
        "n_groups": 6365,
        "hits_at_1": 0.3353604873845198,
        "hits_at_3": 0.4430146026034464,
        "hits_at_5": 0.4896136300416888,
        "hits_at_10": 0.5530423126978156,
        "hits_at_20": 0.671002527907247
      },
      "micro_minus_macro_gap": {
        "mrr": -0.058277664106483495,
        "hits_at_1": -0.04546449729276203,
        "hits_at_3": -0.07884674845703343,
        "hits_at_5": -0.08611911020522806,
        "hits_at_10": -0.09309478376548191,
        "hits_at_20": -0.03201412747575905
      }
    },
    "head": {
      "micro": {
        "mrr": 0.4947319128141087,
        "mean_rank": 349.21719559456113,
        "n": 75089,
        "hits_at_1": 0.47076136318235695,
        "hits_at_3": 0.49934078227170425,
        "hits_at_5": 0.5183981675078906,
        "hits_at_10": 0.5360705296381627,
        "hits_at_20": 0.55191839017699
      },
      "macro": {
        "mrr": 0.4996441515978922,
        "n_groups": 756,
        "hits_at_1": 0.4849058180832234,
        "hits_at_3": 0.5020737751271714,
        "hits_at_5": 0.5152924159007036,
        "hits_at_10": 0.5272247231441283,
        "hits_at_20": 0.5360717654408461
      },
      "micro_minus_macro_gap": {
        "mrr": -0.004912238783783496,
        "hits_at_1": -0.014144454900866466,
        "hits_at_3": -0.0027329928554671867,
        "hits_at_5": 0.0031057516071869573,
        "hits_at_10": 0.008845806494034436,
        "hits_at_20": 0.015846624736143844
      }
    },
    "both": {
      "micro": {
        "mrr": 0.4268577186265628,
        "mean_rank": 192.48102584932548,
        "n": 150178,
        "hits_at_1": 0.3803286766370574,
        "hits_at_3": 0.4317543182090586,
        "hits_at_5": 0.4609463436721757,
        "hits_at_10": 0.49800902928524815,
        "hits_at_20": 0.595453395304239
      },
      "macro": {
        "mrr": 0.4260073646538572,
        "n_groups": 7121,
        "hits_at_1": 0.35123694715256076,
        "hits_at_3": 0.4492846116510431,
        "hits_at_5": 0.4923398148625588,
        "hits_at_10": 0.5503013918015106,
        "hits_at_20": 0.6566776217950999
      },
      "micro_minus_macro_gap": {
        "mrr": 0.0008503539727056086,
        "hits_at_1": 0.02909172948449662,
        "hits_at_3": -0.017530293441984535,
        "hits_at_5": -0.031393471190383104,
        "hits_at_10": -0.05229236251626246,
        "hits_at_20": -0.0612242264908609
      }
    },
    "both_mrr_ci95": [
      0.42447210368558813,
      0.42911324038073173
    ],
    "protocol": "full ranking over same-type candidate pool, filtered (train+valid+test), realistic rank; tail grouped by head, head grouped by tail",
    "both_mean_reciprocal_rank": 0.4268577186265628,
    "both_hits_at_1": 0.3803286766370574,
    "both_hits_at_3": 0.4317543182090586,
    "both_hits_at_5": 0.4609463436721757,
    "both_hits_at_10": 0.49800902928524815,
    "both_hits_at_20": 0.595453395304239
  },
  "num_test_eval": 75089,
  "num_test_oov": 1,
  "early_stopping": null,
  "elapsed_sec": 8.9
}