{
  "task": "task2",
  "model": "RA",
  "setting": "A",
  "seed": 42,
  "model_type": "structural",
  "num_train": 1351619,
  "needs_surrogate": false,
  "ranking": {
    "tail": {
      "micro": {
        "mrr": 0.004813488511243353,
        "mean_rank": 244.4308354086484,
        "n": 75089,
        "hits_at_1": 0.0,
        "hits_at_3": 0.0,
        "hits_at_5": 0.0,
        "hits_at_10": 0.0,
        "hits_at_20": 0.0
      },
      "macro": {
        "mrr": 0.0037318157945577138,
        "n_groups": 6365,
        "hits_at_1": 0.0,
        "hits_at_3": 0.0,
        "hits_at_5": 0.0,
        "hits_at_10": 0.0,
        "hits_at_20": 0.0
      },
      "micro_minus_macro_gap": {
        "mrr": 0.0010816727166856389,
        "hits_at_1": 0.0,
        "hits_at_3": 0.0,
        "hits_at_5": 0.0,
        "hits_at_10": 0.0,
        "hits_at_20": 0.0
      }
    },
    "head": {
      "micro": {
        "mrr": 0.07129594635191328,
        "mean_rank": 1437.8083008163646,
        "n": 75089,
        "hits_at_1": 0.06853200868302947,
        "hits_at_3": 0.06853200868302947,
        "hits_at_5": 0.07267376047090786,
        "hits_at_10": 0.07267376047090786,
        "hits_at_20": 0.07267376047090786
      },
      "macro": {
        "mrr": 0.022338285812886875,
        "n_groups": 756,
        "hits_at_1": 0.021164021164021163,
        "hits_at_3": 0.021164021164021163,
        "hits_at_5": 0.022486772486772486,
        "hits_at_10": 0.022486772486772486,
        "hits_at_20": 0.022486772486772486
      },
      "micro_minus_macro_gap": {
        "mrr": 0.0489576605390264,
        "hits_at_1": 0.04736798751900831,
        "hits_at_3": 0.04736798751900831,
        "hits_at_5": 0.05018698798413537,
        "hits_at_10": 0.05018698798413537,
        "hits_at_20": 0.05018698798413537
      }
    },
    "both": {
      "micro": {
        "mrr": 0.0380547174315783,
        "mean_rank": 841.1195681125065,
        "n": 150178,
        "hits_at_1": 0.034266004341514736,
        "hits_at_3": 0.034266004341514736,
        "hits_at_5": 0.03633688023545393,
        "hits_at_10": 0.03633688023545393,
        "hits_at_20": 0.03633688023545393
      },
      "macro": {
        "mrr": 0.005707169162603894,
        "n_groups": 7121,
        "hits_at_1": 0.0022468754388428594,
        "hits_at_3": 0.0022468754388428594,
        "hits_at_5": 0.0023873051537705377,
        "hits_at_10": 0.0023873051537705377,
        "hits_at_20": 0.0023873051537705377
      },
      "micro_minus_macro_gap": {
        "mrr": 0.03234754826897441,
        "hits_at_1": 0.032019128902671876,
        "hits_at_3": 0.032019128902671876,
        "hits_at_5": 0.03394957508168339,
        "hits_at_10": 0.03394957508168339,
        "hits_at_20": 0.03394957508168339
      }
    },
    "both_mrr_ci95": [
      0.03714445416793752,
      0.039012370556101475
    ],
    "protocol": "full ranking over same-type candidate pool, filtered (train+valid+test), realistic rank; tail grouped by head, head grouped by tail",
    "both_mean_reciprocal_rank": 0.0380547174315783,
    "both_hits_at_1": 0.034266004341514736,
    "both_hits_at_3": 0.034266004341514736,
    "both_hits_at_5": 0.03633688023545393,
    "both_hits_at_10": 0.03633688023545393,
    "both_hits_at_20": 0.03633688023545393
  },
  "num_test_eval": 75089,
  "num_test_oov": 1,
  "early_stopping": null,
  "elapsed_sec": 18.7
}