{
  "task": "task2",
  "model": "RA",
  "setting": "C500",
  "seed": 42,
  "model_type": "structural",
  "num_train": 1484775,
  "needs_surrogate": false,
  "auroc_eval": {
    "num_pos": 2767,
    "num_neg": 140,
    "prevalence_floor": 0.9518403852769178,
    "auprc": 0.97135396303594,
    "auprc_ci95": [
      0.9669019757531057,
      0.9743195346608943
    ],
    "auprc_over_floor": 1.0205008928606714,
    "auroc": 0.693246940988177,
    "auroc_ci95": [
      0.6639436728793432,
      0.7188941414115338
    ],
    "auroc_floor": 0.5,
    "fpr_at_median_pos": 0.12857142857142856,
    "scoring_relation": "structural"
  },
  "stratified_note": "recompute capacity-layer strata offline from raw + test_microbe_capacity_layer.tsv",
  "early_stopping": null,
  "elapsed_sec": 5.6
}