{
  "task": "task2",
  "model": "Random",
  "setting": "C500",
  "seed": 42,
  "model_type": "trivial",
  "num_train": 1484775,
  "needs_surrogate": false,
  "auroc_eval": {
    "num_pos": 3109,
    "num_neg": 146,
    "prevalence_floor": 0.9551459293394777,
    "auprc": 0.9615519248191576,
    "auprc_ci95": [
      0.9563455476069502,
      0.966676736948193
    ],
    "auprc_over_floor": 1.0067068238296424,
    "auroc": 0.5239737042699718,
    "auroc_ci95": [
      0.4802666364113026,
      0.5699373669902228
    ],
    "auroc_floor": 0.5,
    "fpr_at_median_pos": 0.4794520547945205,
    "scoring_relation": "structural"
  },
  "stratified_note": "recompute capacity-layer strata offline from raw + test_microbe_capacity_layer.tsv",
  "early_stopping": null,
  "elapsed_sec": 2.5
}