{
  "task": "task2",
  "model": "Random",
  "setting": "A",
  "seed": 42,
  "model_type": "trivial",
  "num_train": 1351619,
  "needs_surrogate": false,
  "ranking": {
    "tail": {
      "micro": {
        "mrr": 0.015624923188295413,
        "mean_rank": 244.28287765185314,
        "n": 75089,
        "hits_at_1": 0.002144122308194276,
        "hits_at_3": 0.006898480469842453,
        "hits_at_5": 0.012158904766343938,
        "hits_at_10": 0.024477619891062605,
        "hits_at_20": 0.04898187484185433
      },
      "macro": {
        "mrr": 0.012558312643369726,
        "n_groups": 6365,
        "hits_at_1": 0.0016529925758273119,
        "hits_at_3": 0.005290089199318271,
        "hits_at_5": 0.009546456495555154,
        "hits_at_10": 0.018791062191343518,
        "hits_at_20": 0.0375981910981943
      },
      "micro_minus_macro_gap": {
        "mrr": 0.003066610544925687,
        "hits_at_1": 0.0004911297323669643,
        "hits_at_3": 0.0016083912705241827,
        "hits_at_5": 0.0026124482707887836,
        "hits_at_10": 0.0056865576997190866,
        "hits_at_20": 0.011383683743660028
      }
    },
    "head": {
      "micro": {
        "mrr": 0.07605094163720433,
        "mean_rank": 1439.4636498022346,
        "n": 75089,
        "hits_at_1": 0.07032987521474517,
        "hits_at_3": 0.07283357082928259,
        "hits_at_5": 0.0752706787944972,
        "hits_at_10": 0.0813035198231432,
        "hits_at_20": 0.09042602778036729
      },
      "macro": {
        "mrr": 0.0246847108990725,
        "n_groups": 756,
        "hits_at_1": 0.02182440621097839,
        "hits_at_3": 0.022859057479755546,
        "hits_at_5": 0.02386273153163338,
        "hits_at_10": 0.02628738373487991,
        "hits_at_20": 0.030420447659289477
      },
      "micro_minus_macro_gap": {
        "mrr": 0.05136623073813183,
        "hits_at_1": 0.048505469003766774,
        "hits_at_3": 0.049974513349527044,
        "hits_at_5": 0.051407947262863816,
        "hits_at_10": 0.055016136088263286,
        "hits_at_20": 0.06000558012107782
      }
    },
    "both": {
      "micro": {
        "mrr": 0.045837932412749874,
        "mean_rank": 841.8732637270439,
        "n": 150178,
        "hits_at_1": 0.03623699876146972,
        "hits_at_3": 0.03986602564956252,
        "hits_at_5": 0.043714791780420564,
        "hits_at_10": 0.05289056985710291,
        "hits_at_20": 0.06970395131111082
      },
      "macro": {
        "mrr": 0.01384571007088149,
        "n_groups": 7121,
        "hits_at_1": 0.0037944879708805648,
        "hits_at_3": 0.0071552963359578685,
        "hits_at_5": 0.011066341894695042,
        "hits_at_10": 0.019586908152151482,
        "hits_at_20": 0.036836166938692544
      },
      "micro_minus_macro_gap": {
        "mrr": 0.03199222234186838,
        "hits_at_1": 0.03244251079058916,
        "hits_at_3": 0.03271072931360465,
        "hits_at_5": 0.032648449885725524,
        "hits_at_10": 0.03330366170495143,
        "hits_at_20": 0.032867784372418274
      }
    },
    "both_mrr_ci95": [
      0.0448562451512159,
      0.04679003978878792
    ],
    "protocol": "full ranking over same-type candidate pool, filtered (train+valid+test), realistic rank; tail grouped by head, head grouped by tail",
    "both_mean_reciprocal_rank": 0.045837932412749874,
    "both_hits_at_1": 0.03623699876146972,
    "both_hits_at_3": 0.03986602564956252,
    "both_hits_at_5": 0.043714791780420564,
    "both_hits_at_10": 0.05289056985710291,
    "both_hits_at_20": 0.06970395131111082
  },
  "num_test_eval": 75089,
  "num_test_oov": 1,
  "early_stopping": null,
  "elapsed_sec": 7.6
}