{
  "task": "task2",
  "model": "Random",
  "setting": "B",
  "seed": 42,
  "model_type": "trivial",
  "num_train": 1484275,
  "needs_surrogate": true,
  "auroc_eval": {
    "num_pos": 3609,
    "num_neg": 146,
    "prevalence_floor": 0.9611185086551265,
    "auprc": 0.9615985723464117,
    "auprc_ci95": [
      0.95545998408402,
      0.9681817005947841
    ],
    "auprc_over_floor": 1.0004994843892423,
    "auroc": 0.5111669076927164,
    "auroc_ci95": [
      0.46587574063319637,
      0.5618092800722698
    ],
    "auroc_floor": 0.5,
    "fpr_at_median_pos": 0.4589041095890411,
    "scoring_relation": "structural"
  },
  "stratified_note": "recompute capacity-layer strata offline from raw + test_microbe_capacity_layer.tsv",
  "early_stopping": null,
  "elapsed_sec": 2.6
}