{
  "task": "task2",
  "model": "RGCN",
  "setting": "C50",
  "seed": 42,
  "model_type": "kge",
  "num_train": 1484325,
  "needs_surrogate": false,
  "auroc_eval": {
    "num_pos": 2655,
    "num_neg": 102,
    "prevalence_floor": 0.9630032644178455,
    "auprc": 0.9752610967375028,
    "auprc_ci95": [
      0.9701127285518302,
      0.9798861640469745
    ],
    "auprc_over_floor": 1.01272875469126,
    "auroc": 0.611520992577822,
    "auroc_ci95": [
      0.5554027731619956,
      0.6675144012407223
    ],
    "auroc_floor": 0.5,
    "fpr_at_median_pos": 0.4215686274509804,
    "scoring_relation": "utilizes"
  },
  "stratified_note": "recompute capacity-layer strata offline from raw + test_microbe_capacity_layer.tsv",
  "early_stopping": {
    "stopped_early": false,
    "best_epoch": 190,
    "best_metric": 0.255285382270813
  },
  "elapsed_sec": 3943.7
}