{
  "task": "task2",
  "model": "RGCN",
  "setting": "A",
  "seed": 42,
  "model_type": "kge",
  "num_train": 1351619,
  "needs_surrogate": false,
  "ranking": {
    "tail": {
      "micro": {
        "mrr": 0.7765717802841843,
        "mean_rank": 3.765438346495492,
        "n": 75089,
        "hits_at_1": 0.679913169705283,
        "hits_at_3": 0.8504707746807122,
        "hits_at_5": 0.9014236439425215,
        "hits_at_10": 0.9456777956824568,
        "hits_at_20": 0.9697026195581243
      },
      "macro": {
        "mrr": 0.7256021081744302,
        "n_groups": 6365,
        "hits_at_1": 0.6222210785833521,
        "hits_at_3": 0.7986494498296539,
        "hits_at_5": 0.8550696941119088,
        "hits_at_10": 0.9120907653608612,
        "hits_at_20": 0.9490992999021507
      },
      "micro_minus_macro_gap": {
        "mrr": 0.050969672109754116,
        "hits_at_1": 0.057692091121930966,
        "hits_at_3": 0.05182132485105828,
        "hits_at_5": 0.046353949830612695,
        "hits_at_10": 0.0335870303215956,
        "hits_at_20": 0.020603319655973618
      }
    },
    "head": {
      "micro": {
        "mrr": 0.6643241473556265,
        "mean_rank": 44.572314187164565,
        "n": 75089,
        "hits_at_1": 0.6153364673920281,
        "hits_at_3": 0.6776625071581723,
        "hits_at_5": 0.7139527760391002,
        "hits_at_10": 0.767862136930842,
        "hits_at_20": 0.8190547217302134
      },
      "macro": {
        "mrr": 0.6508703751500415,
        "n_groups": 756,
        "hits_at_1": 0.6064645909606229,
        "hits_at_3": 0.6609105992688744,
        "hits_at_5": 0.6927036492053684,
        "hits_at_10": 0.7467442743937027,
        "hits_at_20": 0.7984097040369149
      },
      "micro_minus_macro_gap": {
        "mrr": 0.013453772205584968,
        "hits_at_1": 0.00887187643140519,
        "hits_at_3": 0.016751907889297923,
        "hits_at_5": 0.021249126833731813,
        "hits_at_10": 0.02111786253713932,
        "hits_at_20": 0.020645017693298517
      }
    },
    "both": {
      "micro": {
        "mrr": 0.7204479638199055,
        "mean_rank": 24.16887626683003,
        "n": 150178,
        "hits_at_1": 0.6476248185486556,
        "hits_at_3": 0.7640666409194422,
        "hits_at_5": 0.8076882099908109,
        "hits_at_10": 0.8567699663066495,
        "hits_at_20": 0.8943786706441689
      },
      "macro": {
        "mrr": 0.7176682238651425,
        "n_groups": 7121,
        "hits_at_1": 0.6205482932101203,
        "hits_at_3": 0.7840264234255041,
        "hits_at_5": 0.8378321249573877,
        "hits_at_10": 0.8945367775542089,
        "hits_at_20": 0.9331013593777697
      },
      "micro_minus_macro_gap": {
        "mrr": 0.002779739954762994,
        "hits_at_1": 0.02707652533853533,
        "hits_at_3": -0.019959782506061896,
        "hits_at_5": -0.030143914966576757,
        "hits_at_10": -0.03776681124755943,
        "hits_at_20": -0.03872268873360085
      }
    },
    "both_mrr_ci95": [
      0.7184260103706918,
      0.7224236817084336
    ],
    "protocol": "full ranking over same-type candidate pool, filtered (train+valid+test), realistic rank; tail grouped by head, head grouped by tail",
    "both_mean_reciprocal_rank": 0.7204479638199055,
    "both_hits_at_1": 0.6476248185486556,
    "both_hits_at_3": 0.7640666409194422,
    "both_hits_at_5": 0.8076882099908109,
    "both_hits_at_10": 0.8567699663066495,
    "both_hits_at_20": 0.8943786706441689
  },
  "num_test_eval": 75089,
  "num_test_oov": 1,
  "early_stopping": {
    "stopped_early": true,
    "best_epoch": 95,
    "best_metric": 0.12945853173732758
  },
  "elapsed_sec": 2327.4
}