{
  "task": "task2",
  "model": "RGCN",
  "setting": "C100",
  "seed": 42,
  "model_type": "kge",
  "num_train": 1484375,
  "needs_surrogate": false,
  "auroc_eval": {
    "num_pos": 2714,
    "num_neg": 104,
    "prevalence_floor": 0.9630943931866572,
    "auprc": 0.9639748777904009,
    "auprc_ci95": [
      0.9558225456982236,
      0.9720865775663171
    ],
    "auprc_over_floor": 1.000914224618036,
    "auroc": 0.56006958222323,
    "auroc_ci95": [
      0.4949289829091322,
      0.6209495103735615
    ],
    "auroc_floor": 0.5,
    "fpr_at_median_pos": 0.4326923076923077,
    "scoring_relation": "utilizes"
  },
  "stratified_note": "recompute capacity-layer strata offline from raw + test_microbe_capacity_layer.tsv",
  "early_stopping": {
    "stopped_early": false,
    "best_epoch": 185,
    "best_metric": 0.2558285892009735
  },
  "elapsed_sec": 3922.2
}