{
  "task": "task2",
  "model": "RGCN",
  "setting": "C500",
  "seed": 42,
  "model_type": "kge",
  "num_train": 1484775,
  "needs_surrogate": false,
  "auroc_eval": {
    "num_pos": 2767,
    "num_neg": 140,
    "prevalence_floor": 0.9518403852769178,
    "auprc": 0.962027927266782,
    "auprc_ci95": [
      0.9535345220512168,
      0.9697528245561233
    ],
    "auprc_over_floor": 1.0107029940601862,
    "auroc": 0.594782900511126,
    "auroc_ci95": [
      0.5405694666735505,
      0.639757215137591
    ],
    "auroc_floor": 0.5,
    "fpr_at_median_pos": 0.37142857142857144,
    "scoring_relation": "utilizes"
  },
  "stratified_note": "recompute capacity-layer strata offline from raw + test_microbe_capacity_layer.tsv",
  "early_stopping": {
    "stopped_early": false,
    "best_epoch": 185,
    "best_metric": 0.25944098830223083
  },
  "elapsed_sec": 4068.7
}