{
  "task": "task2",
  "model": "RotatE",
  "setting": "C50",
  "seed": 42,
  "model_type": "kge",
  "num_train": 1484325,
  "needs_surrogate": false,
  "auroc_eval": {
    "num_pos": 2655,
    "num_neg": 102,
    "prevalence_floor": 0.9630032644178455,
    "auprc": 0.9688377815106929,
    "auprc_ci95": [
      0.9617342836846449,
      0.9755618676659886
    ],
    "auprc_over_floor": 1.0060586680320076,
    "auroc": 0.563948894058565,
    "auroc_ci95": [
      0.5076976477973487,
      0.6231761197887818
    ],
    "auroc_floor": 0.5,
    "fpr_at_median_pos": 0.43137254901960786,
    "scoring_relation": "utilizes"
  },
  "stratified_note": "recompute capacity-layer strata offline from raw + test_microbe_capacity_layer.tsv",
  "early_stopping": {
    "stopped_early": false,
    "best_epoch": 200,
    "best_metric": 0.5598610639572144
  },
  "elapsed_sec": 1118.5
}