{
  "task": "task2",
  "model": "RotatE",
  "setting": "A",
  "seed": 42,
  "model_type": "kge",
  "num_train": 1351619,
  "needs_surrogate": false,
  "ranking": {
    "tail": {
      "micro": {
        "mrr": 0.8045801432028898,
        "mean_rank": 3.095433419009442,
        "n": 75089,
        "hits_at_1": 0.7115156680738857,
        "hits_at_3": 0.8816870646832425,
        "hits_at_5": 0.9204543941189788,
        "hits_at_10": 0.9553330048342633,
        "hits_at_20": 0.9771338012225492
      },
      "macro": {
        "mrr": 0.7377497573377697,
        "n_groups": 6365,
        "hits_at_1": 0.6285183196279689,
        "hits_at_3": 0.8214381301812307,
        "hits_at_5": 0.8739988108495597,
        "hits_at_10": 0.9242717944701699,
        "hits_at_20": 0.959729563796649
      },
      "micro_minus_macro_gap": {
        "mrr": 0.06683038586512013,
        "hits_at_1": 0.08299734844591677,
        "hits_at_3": 0.06024893450201185,
        "hits_at_5": 0.04645558326941912,
        "hits_at_10": 0.031061210364093372,
        "hits_at_20": 0.01740423742590025
      }
    },
    "head": {
      "micro": {
        "mrr": 0.6935620463065983,
        "mean_rank": 39.620397128740564,
        "n": 75089,
        "hits_at_1": 0.6415453661654836,
        "hits_at_3": 0.7138595533300484,
        "hits_at_5": 0.7490178321724886,
        "hits_at_10": 0.8017286153764199,
        "hits_at_20": 0.8493387846422246
      },
      "macro": {
        "mrr": 0.715386981871881,
        "n_groups": 756,
        "hits_at_1": 0.6691101307840572,
        "hits_at_3": 0.7343342651646563,
        "hits_at_5": 0.7630152678804799,
        "hits_at_10": 0.807668027408503,
        "hits_at_20": 0.8496014645808129
      },
      "micro_minus_macro_gap": {
        "mrr": -0.021824935565282644,
        "hits_at_1": -0.0275647646185736,
        "hits_at_3": -0.020474711834607917,
        "hits_at_5": -0.01399743570799128,
        "hits_at_10": -0.005939412032083036,
        "hits_at_20": -0.00026267993858830607
      }
    },
    "both": {
      "micro": {
        "mrr": 0.7490710947547441,
        "mean_rank": 21.357915273875,
        "n": 150178,
        "hits_at_1": 0.6765305171196846,
        "hits_at_3": 0.7977733090066454,
        "hits_at_5": 0.8347361131457337,
        "hits_at_10": 0.8785308101053416,
        "hits_at_20": 0.913236292932387
      },
      "macro": {
        "mrr": 0.735375616310918,
        "n_groups": 7121,
        "hits_at_1": 0.6328277437585689,
        "hits_at_3": 0.8121907601555981,
        "hits_at_5": 0.8622162580501461,
        "hits_at_10": 0.9118925713415899,
        "hits_at_20": 0.9480378290673732
      },
      "micro_minus_macro_gap": {
        "mrr": 0.013695478443826126,
        "hits_at_1": 0.04370277336111572,
        "hits_at_3": -0.014417451148952654,
        "hits_at_5": -0.027480144904412418,
        "hits_at_10": -0.03336176123624823,
        "hits_at_20": -0.034801536134986266
      }
    },
    "both_mrr_ci95": [
      0.7471635920313686,
      0.7510267116992766
    ],
    "protocol": "full ranking over same-type candidate pool, filtered (train+valid+test), realistic rank; tail grouped by head, head grouped by tail",
    "both_mean_reciprocal_rank": 0.7490710947547441,
    "both_hits_at_1": 0.6765305171196846,
    "both_hits_at_3": 0.7977733090066454,
    "both_hits_at_5": 0.8347361131457337,
    "both_hits_at_10": 0.8785308101053416,
    "both_hits_at_20": 0.913236292932387
  },
  "num_test_eval": 75089,
  "num_test_oov": 1,
  "early_stopping": {
    "stopped_early": true,
    "best_epoch": 75,
    "best_metric": 0.13180766999721527
  },
  "elapsed_sec": 1113.5
}