{
  "task": "task2",
  "model": "TransE",
  "setting": "C100",
  "seed": 42,
  "model_type": "kge",
  "num_train": 1484375,
  "needs_surrogate": false,
  "auroc_eval": {
    "num_pos": 2714,
    "num_neg": 104,
    "prevalence_floor": 0.9630943931866572,
    "auprc": 0.9613541325944737,
    "auprc_ci95": [
      0.9544031171481154,
      0.9678930115102591
    ],
    "auprc_over_floor": 0.9981930529297077,
    "auroc": 0.47681183039510233,
    "auroc_ci95": [
      0.42342137988209283,
      0.5300050308939402
    ],
    "auroc_floor": 0.5,
    "fpr_at_median_pos": 0.5192307692307693,
    "scoring_relation": "utilizes"
  },
  "stratified_note": "recompute capacity-layer strata offline from raw + test_microbe_capacity_layer.tsv",
  "early_stopping": {
    "stopped_early": false,
    "best_epoch": 200,
    "best_metric": 0.4638984501361847
  },
  "elapsed_sec": 851.2
}