{
  "task": "task2",
  "model": "TransE",
  "setting": "B",
  "seed": 42,
  "model_type": "kge",
  "num_train": 1484275,
  "needs_surrogate": true,
  "auroc_eval": {
    "num_pos": 2329,
    "num_neg": 81,
    "prevalence_floor": 0.9663900414937759,
    "auprc": 0.976984923169967,
    "auprc_ci95": [
      0.9704725422448361,
      0.9829473227262197
    ],
    "auprc_over_floor": 1.0109633597422156,
    "auroc": 0.6226484105402096,
    "auroc_ci95": [
      0.5617046737592035,
      0.6813574415978881
    ],
    "auroc_floor": 0.5,
    "fpr_at_median_pos": 0.30864197530864196,
    "scoring_relation": "can_utilize"
  },
  "stratified_note": "recompute capacity-layer strata offline from raw + test_microbe_capacity_layer.tsv",
  "early_stopping": {
    "stopped_early": true,
    "best_epoch": 140,
    "best_metric": 0.6558777689933777
  },
  "elapsed_sec": 1412.7
}