{
  "task": "task2",
  "model": "TransE",
  "setting": "C500",
  "seed": 42,
  "model_type": "kge",
  "num_train": 1484775,
  "needs_surrogate": false,
  "auroc_eval": {
    "num_pos": 2767,
    "num_neg": 140,
    "prevalence_floor": 0.9518403852769178,
    "auprc": 0.9598532073408246,
    "auprc_ci95": [
      0.9531496945581959,
      0.9662436995321319
    ],
    "auprc_over_floor": 1.0084182413226517,
    "auroc": 0.5527285869172388,
    "auroc_ci95": [
      0.5037196034901131,
      0.6018028163560327
    ],
    "auroc_floor": 0.5,
    "fpr_at_median_pos": 0.44285714285714284,
    "scoring_relation": "utilizes"
  },
  "stratified_note": "recompute capacity-layer strata offline from raw + test_microbe_capacity_layer.tsv",
  "early_stopping": {
    "stopped_early": false,
    "best_epoch": 200,
    "best_metric": 0.4731222093105316
  },
  "elapsed_sec": 792.8
}