{
  "task": "task2",
  "model": "TransE",
  "setting": "A",
  "seed": 42,
  "model_type": "kge",
  "num_train": 1351619,
  "needs_surrogate": false,
  "ranking": {
    "tail": {
      "micro": {
        "mrr": 0.7090544264376767,
        "mean_rank": 4.736193050912917,
        "n": 75089,
        "hits_at_1": 0.5855451530850058,
        "hits_at_3": 0.8012625018311603,
        "hits_at_5": 0.8695015248571695,
        "hits_at_10": 0.9279255283729974,
        "hits_at_20": 0.9618053243484399
      },
      "macro": {
        "mrr": 0.6481661714744616,
        "n_groups": 6365,
        "hits_at_1": 0.5195875470520332,
        "hits_at_3": 0.7344276284859909,
        "hits_at_5": 0.811641724287387,
        "hits_at_10": 0.8867384076342609,
        "hits_at_20": 0.9367422082552962
      },
      "micro_minus_macro_gap": {
        "mrr": 0.06088825496321504,
        "hits_at_1": 0.06595760603297252,
        "hits_at_3": 0.06683487334516947,
        "hits_at_5": 0.05785980056978246,
        "hits_at_10": 0.04118712073873643,
        "hits_at_20": 0.02506311609314371
      }
    },
    "head": {
      "micro": {
        "mrr": 0.5402932545440321,
        "mean_rank": 76.73888319194556,
        "n": 75089,
        "hits_at_1": 0.48706201973657925,
        "hits_at_3": 0.5555673933598796,
        "hits_at_5": 0.5921240128380988,
        "hits_at_10": 0.6437960287125943,
        "hits_at_20": 0.6994499860165937
      },
      "macro": {
        "mrr": 0.5704851061186185,
        "n_groups": 756,
        "hits_at_1": 0.5185550641176685,
        "hits_at_3": 0.5897946692368339,
        "hits_at_5": 0.626802318800644,
        "hits_at_10": 0.6710192812049364,
        "hits_at_20": 0.7180981971370769
      },
      "micro_minus_macro_gap": {
        "mrr": -0.03019185157458637,
        "hits_at_1": -0.03149304438108924,
        "hits_at_3": -0.03422727587695429,
        "hits_at_5": -0.034678305962545175,
        "hits_at_10": -0.02722325249234203,
        "hits_at_20": -0.018648211120483205
      }
    },
    "both": {
      "micro": {
        "mrr": 0.6246738404908546,
        "mean_rank": 40.73753812142924,
        "n": 150178,
        "hits_at_1": 0.5363035864107926,
        "hits_at_3": 0.67841494759552,
        "hits_at_5": 0.7308127688476341,
        "hits_at_10": 0.7858607785427959,
        "hits_at_20": 0.8306276551825168
      },
      "macro": {
        "mrr": 0.6399191716978829,
        "n_groups": 7121,
        "hits_at_1": 0.5194779336412231,
        "hits_at_3": 0.7190726899671925,
        "hits_at_5": 0.7920182738523388,
        "hits_at_10": 0.8638366158099988,
        "hits_at_20": 0.9135298964444026
      },
      "micro_minus_macro_gap": {
        "mrr": -0.015245331207028312,
        "hits_at_1": 0.016825652769569488,
        "hits_at_3": -0.04065774237167252,
        "hits_at_5": -0.061205505004704674,
        "hits_at_10": -0.07797583726720292,
        "hits_at_20": -0.08290224126188583
      }
    },
    "both_mrr_ci95": [
      0.6225034554014448,
      0.6268548402867327
    ],
    "protocol": "full ranking over same-type candidate pool, filtered (train+valid+test), realistic rank; tail grouped by head, head grouped by tail",
    "both_mean_reciprocal_rank": 0.6246738404908546,
    "both_hits_at_1": 0.5363035864107926,
    "both_hits_at_3": 0.67841494759552,
    "both_hits_at_5": 0.7308127688476341,
    "both_hits_at_10": 0.7858607785427959,
    "both_hits_at_20": 0.8306276551825168
  },
  "num_test_eval": 75089,
  "num_test_oov": 1,
  "early_stopping": {
    "stopped_early": true,
    "best_epoch": 115,
    "best_metric": 0.12599501013755798
  },
  "elapsed_sec": 1172.3
}