{
  "task": "task3",
  "model": "CN",
  "setting": "A",
  "seed": 42,
  "model_type": "structural",
  "elapsed_sec": 4.4,
  "num_train": 3670743,
  "num_test_eval": 8154,
  "num_test_oov": 0,
  "early_stopping": null,
  "can_utilize_recovery": {
    "tail": {
      "micro": {
        "mrr": 0.21407263075330552,
        "mean_rank": 100.4966274221241,
        "n": 8154,
        "hits_at_1": 0.12938435123865588,
        "hits_at_3": 0.22553348050036792,
        "hits_at_5": 0.2851361295069904,
        "hits_at_10": 0.3675496688741722,
        "hits_at_20": 0.44039735099337746
      },
      "macro": {
        "mrr": 0.2034150240423162,
        "n_groups": 579,
        "hits_at_1": 0.11388969158110583,
        "hits_at_3": 0.2129518399856236,
        "hits_at_5": 0.27687834142698936,
        "hits_at_10": 0.3694527100918762,
        "hits_at_20": 0.4524943659510313
      },
      "micro_minus_macro_gap": {
        "mrr": 0.010657606710989309,
        "hits_at_1": 0.01549465965755005,
        "hits_at_3": 0.012581640514744336,
        "hits_at_5": 0.00825778808000105,
        "hits_at_10": -0.0019030412177040157,
        "hits_at_20": -0.012097014957653862
      }
    },
    "head": {
      "micro": {
        "mrr": 0.20145364994041065,
        "mean_rank": 383.4663355408388,
        "n": 8154,
        "hits_at_1": 0.1528084375766495,
        "hits_at_3": 0.20333578611724307,
        "hits_at_5": 0.23583517292126563,
        "hits_at_10": 0.28219278881530535,
        "hits_at_20": 0.34486141770909984
      },
      "macro": {
        "mrr": 0.09982099004595002,
        "n_groups": 675,
        "hits_at_1": 0.06313816835157307,
        "hits_at_3": 0.11763583421777142,
        "hits_at_5": 0.13333786891207444,
        "hits_at_10": 0.1542123557499289,
        "hits_at_20": 0.18340502603579262
      },
      "micro_minus_macro_gap": {
        "mrr": 0.10163265989446063,
        "hits_at_1": 0.08967026922507643,
        "hits_at_3": 0.08569995189947165,
        "hits_at_5": 0.10249730400919119,
        "hits_at_10": 0.12798043306537646,
        "hits_at_20": 0.16145639167330722
      }
    },
    "both": {
      "micro": {
        "mrr": 0.20776314034685808,
        "mean_rank": 241.9814814814815,
        "n": 16308,
        "hits_at_1": 0.14109639440765268,
        "hits_at_3": 0.2144346333088055,
        "hits_at_5": 0.26048565121412803,
        "hits_at_10": 0.3248712288447388,
        "hits_at_20": 0.3926293843512387
      },
      "macro": {
        "mrr": 0.1476526851686741,
        "n_groups": 1254,
        "hits_at_1": 0.08657128792884536,
        "hits_at_3": 0.16164537755077493,
        "hits_at_5": 0.19961373301585095,
        "hits_at_10": 0.2535936676829333,
        "hits_at_20": 0.30764962556603437
      },
      "micro_minus_macro_gap": {
        "mrr": 0.060110455178183975,
        "hits_at_1": 0.05452510647880732,
        "hits_at_3": 0.05278925575803056,
        "hits_at_5": 0.060871918198277086,
        "hits_at_10": 0.0712775611618055,
        "hits_at_20": 0.0849797587852043
      }
    },
    "both_mrr_ci95": [
      0.20215236514410803,
      0.2128428655870127
    ],
    "protocol": "full ranking over same-type candidate pool, filtered (train+valid+test), realistic rank; tail grouped by head, head grouped by tail",
    "both_mean_reciprocal_rank": 0.20776314034685808,
    "both_hits_at_1": 0.14109639440765268,
    "both_hits_at_3": 0.2144346333088055,
    "both_hits_at_5": 0.26048565121412803,
    "both_hits_at_10": 0.3248712288447388,
    "both_hits_at_20": 0.3926293843512387
  },
  "stratified_note": "recompute tax-layer strata offline from raw + cold_microbe_tax_proximity.tsv"
}