{
  "task": "task3",
  "model": "CN",
  "setting": "B",
  "seed": 42,
  "model_type": "structural",
  "elapsed_sec": 4.4,
  "num_train": 3660979,
  "num_test_eval": 17096,
  "num_test_oov": 0,
  "early_stopping": null,
  "can_utilize_recovery": {
    "tail": {
      "micro": {
        "mrr": 0.21178308473779112,
        "mean_rank": 102.36526087973795,
        "n": 17096,
        "hits_at_1": 0.13775152082358447,
        "hits_at_3": 0.21853065044454842,
        "hits_at_5": 0.2693027608797379,
        "hits_at_10": 0.3312470753392606,
        "hits_at_20": 0.38757604117922323
      },
      "macro": {
        "mrr": 0.2006457940505878,
        "n_groups": 116,
        "hits_at_1": 0.11921588347276271,
        "hits_at_3": 0.20673254816470704,
        "hits_at_5": 0.26546140411098296,
        "hits_at_10": 0.33492095679917333,
        "hits_at_20": 0.39761655076924546
      },
      "micro_minus_macro_gap": {
        "mrr": 0.011137290687203316,
        "hits_at_1": 0.018535637350821754,
        "hits_at_3": 0.011798102279841377,
        "hits_at_5": 0.0038413567687549666,
        "hits_at_10": -0.003673881459912709,
        "hits_at_20": -0.010040509590022229
      }
    },
    "head": {
      "micro": {
        "mrr": 0.20482097626369067,
        "mean_rank": 331.405913664015,
        "n": 17096,
        "hits_at_1": 0.14336686944314458,
        "hits_at_3": 0.21730229293401965,
        "hits_at_5": 0.24906410856340663,
        "hits_at_10": 0.30381375760411794,
        "hits_at_20": 0.368097800655124
      },
      "macro": {
        "mrr": 0.09085543304851507,
        "n_groups": 749,
        "hits_at_1": 0.030448445853379698,
        "hits_at_3": 0.11670157912884084,
        "hits_at_5": 0.13321409854926544,
        "hits_at_10": 0.17201055054697728,
        "hits_at_20": 0.199131731132799
      },
      "micro_minus_macro_gap": {
        "mrr": 0.1139655432151756,
        "hits_at_1": 0.1129184235897649,
        "hits_at_3": 0.1006007138051788,
        "hits_at_5": 0.11585001001414119,
        "hits_at_10": 0.13180320705714066,
        "hits_at_20": 0.16896606952232499
      }
    },
    "both": {
      "micro": {
        "mrr": 0.20830203050074092,
        "mean_rank": 216.88558727187646,
        "n": 34192,
        "hits_at_1": 0.14055919513336454,
        "hits_at_3": 0.21791647168928405,
        "hits_at_5": 0.2591834347215723,
        "hits_at_10": 0.3175304164716893,
        "hits_at_20": 0.37783692091717364
      },
      "macro": {
        "mrr": 0.10557876469734795,
        "n_groups": 865,
        "hits_at_1": 0.04235251841274205,
        "hits_at_3": 0.12877509636370846,
        "hits_at_5": 0.15094899732979633,
        "hits_at_10": 0.19385749520045095,
        "hits_at_20": 0.2257493485638138
      },
      "micro_minus_macro_gap": {
        "mrr": 0.10272326580339297,
        "hits_at_1": 0.0982066767206225,
        "hits_at_3": 0.08914137532557559,
        "hits_at_5": 0.10823443739177596,
        "hits_at_10": 0.12367292127123833,
        "hits_at_20": 0.15208757235335985
      }
    },
    "both_mrr_ci95": [
      0.20465368607693205,
      0.2120364455279863
    ],
    "protocol": "full ranking over same-type candidate pool, filtered (train+valid+test), realistic rank; tail grouped by head, head grouped by tail",
    "both_mean_reciprocal_rank": 0.20830203050074092,
    "both_hits_at_1": 0.14055919513336454,
    "both_hits_at_3": 0.21791647168928405,
    "both_hits_at_5": 0.2591834347215723,
    "both_hits_at_10": 0.3175304164716893,
    "both_hits_at_20": 0.37783692091717364
  },
  "stratified_note": "recompute tax-layer strata offline from raw + cold_microbe_tax_proximity.tsv",
  "downstream_genuine_pairs": 18499,
  "downstream_total_pairs": 106439
}