{
  "task": "task3",
  "model": "ComplEx",
  "setting": "A",
  "seed": 42,
  "model_type": "kge",
  "elapsed_sec": 5973.8,
  "num_train": 3670743,
  "num_test_eval": 8154,
  "num_test_oov": 0,
  "early_stopping": {
    "stopped_early": true,
    "best_epoch": 145,
    "best_metric": 0.10931096971035004
  },
  "can_utilize_recovery": {
    "tail": {
      "micro": {
        "mrr": 0.19977134380474712,
        "mean_rank": 16.589894530291883,
        "n": 8154,
        "hits_at_1": 0.0832720137355899,
        "hits_at_3": 0.1811380917341182,
        "hits_at_5": 0.28341918077017414,
        "hits_at_10": 0.4916605347068923,
        "hits_at_20": 0.7522688251165073
      },
      "macro": {
        "mrr": 0.18728763860322487,
        "n_groups": 579,
        "hits_at_1": 0.07422401394509558,
        "hits_at_3": 0.16595814261060102,
        "hits_at_5": 0.2641815111085831,
        "hits_at_10": 0.4626935343411499,
        "hits_at_20": 0.7331445492894489
      },
      "micro_minus_macro_gap": {
        "mrr": 0.012483705201522255,
        "hits_at_1": 0.009047999790494324,
        "hits_at_3": 0.015179949123517195,
        "hits_at_5": 0.019237669661591017,
        "hits_at_10": 0.0289670003657424,
        "hits_at_20": 0.019124275827058335
      }
    },
    "head": {
      "micro": {
        "mrr": 0.32751151226363456,
        "mean_rank": 240.16280353200884,
        "n": 8154,
        "hits_at_1": 0.2989943585970076,
        "hits_at_3": 0.3225410841304881,
        "hits_at_5": 0.34204071621290166,
        "hits_at_10": 0.37993622761834683,
        "hits_at_20": 0.4299730193769929
      },
      "macro": {
        "mrr": 0.5590677511217754,
        "n_groups": 675,
        "hits_at_1": 0.5373648888296992,
        "hits_at_3": 0.5643273682647644,
        "hits_at_5": 0.5774476173006158,
        "hits_at_10": 0.5961524386376135,
        "hits_at_20": 0.6255454356333052
      },
      "micro_minus_macro_gap": {
        "mrr": -0.23155623885814086,
        "hits_at_1": -0.2383705302326916,
        "hits_at_3": -0.24178628413427627,
        "hits_at_5": -0.23540690108771412,
        "hits_at_10": -0.21621621101926664,
        "hits_at_20": -0.19557241625631233
      }
    },
    "both": {
      "micro": {
        "mrr": 0.26364142803419083,
        "mean_rank": 128.37634903115037,
        "n": 16308,
        "hits_at_1": 0.19113318616629874,
        "hits_at_3": 0.25183958793230315,
        "hits_at_5": 0.3127299484915379,
        "hits_at_10": 0.4357983811626196,
        "hits_at_20": 0.5911209222467501
      },
      "macro": {
        "mrr": 0.3874085125665595,
        "n_groups": 1254,
        "hits_at_1": 0.32352233176575546,
        "hits_at_3": 0.38039133823784205,
        "hits_at_5": 0.43280561133156725,
        "hits_at_10": 0.534531461294988,
        "hits_at_20": 0.6752263661013332
      },
      "micro_minus_macro_gap": {
        "mrr": -0.12376708453236868,
        "hits_at_1": -0.13238914559945672,
        "hits_at_3": -0.1285517503055389,
        "hits_at_5": -0.12007566284002935,
        "hits_at_10": -0.09873308013236837,
        "hits_at_20": -0.08410544385458318
      }
    },
    "both_mrr_ci95": [
      0.25816886422031643,
      0.2694410483452209
    ],
    "protocol": "full ranking over same-type candidate pool, filtered (train+valid+test), realistic rank; tail grouped by head, head grouped by tail",
    "both_mean_reciprocal_rank": 0.26364142803419083,
    "both_hits_at_1": 0.19113318616629874,
    "both_hits_at_3": 0.25183958793230315,
    "both_hits_at_5": 0.3127299484915379,
    "both_hits_at_10": 0.4357983811626196,
    "both_hits_at_20": 0.5911209222467501
  },
  "stratified_note": "recompute tax-layer strata offline from raw + cold_microbe_tax_proximity.tsv"
}