{
  "task": "task3",
  "model": "ComplEx",
  "setting": "B",
  "seed": 42,
  "model_type": "kge",
  "elapsed_sec": 3459.3,
  "num_train": 3660979,
  "num_test_eval": 17096,
  "num_test_oov": 0,
  "early_stopping": {
    "stopped_early": true,
    "best_epoch": 60,
    "best_metric": 0.00490425294265151
  },
  "can_utilize_recovery": {
    "tail": {
      "micro": {
        "mrr": 0.020868395203014343,
        "mean_rank": 167.64725666822648,
        "n": 17096,
        "hits_at_1": 0.0016963032288254563,
        "hits_at_3": 0.006317267197005147,
        "hits_at_5": 0.012810014038371549,
        "hits_at_10": 0.03263921385119326,
        "hits_at_20": 0.07405240992044923
      },
      "macro": {
        "mrr": 0.021014984272513183,
        "n_groups": 116,
        "hits_at_1": 0.001795857267651833,
        "hits_at_3": 0.006714377525332275,
        "hits_at_5": 0.012027370633600525,
        "hits_at_10": 0.03204351748499247,
        "hits_at_20": 0.07267833687397207
      },
      "micro_minus_macro_gap": {
        "mrr": -0.00014658906949883976,
        "hits_at_1": -9.955403882637675e-05,
        "hits_at_3": -0.00039711032832712764,
        "hits_at_5": 0.0007826434047710235,
        "hits_at_10": 0.0005956963662007916,
        "hits_at_20": 0.0013740730464771589
      }
    },
    "head": {
      "micro": {
        "mrr": 0.11087582274879658,
        "mean_rank": 1919.3436768834815,
        "n": 17096,
        "hits_at_1": 0.1085634066448292,
        "hits_at_3": 0.1085634066448292,
        "hits_at_5": 0.1085634066448292,
        "hits_at_10": 0.11529012634534394,
        "hits_at_20": 0.11529012634534394
      },
      "macro": {
        "mrr": 0.022145763499136162,
        "n_groups": 749,
        "hits_at_1": 0.021361815754339118,
        "hits_at_3": 0.021361815754339118,
        "hits_at_5": 0.021361815754339118,
        "hits_at_10": 0.022696929238985315,
        "hits_at_20": 0.022696929238985315
      },
      "micro_minus_macro_gap": {
        "mrr": 0.08873005924966042,
        "hits_at_1": 0.0872015908904901,
        "hits_at_3": 0.0872015908904901,
        "hits_at_5": 0.0872015908904901,
        "hits_at_10": 0.09259319710635863,
        "hits_at_20": 0.09259319710635863
      }
    },
    "both": {
      "micro": {
        "mrr": 0.06587210897590547,
        "mean_rank": 1043.495466775854,
        "n": 34192,
        "hits_at_1": 0.05512985493682733,
        "hits_at_3": 0.05744033692091717,
        "hits_at_5": 0.06068671034160038,
        "hits_at_10": 0.0739646700982686,
        "hits_at_20": 0.09467126813289659
      },
      "macro": {
        "mrr": 0.021994121429438743,
        "n_groups": 865,
        "hits_at_1": 0.0187379415526562,
        "hits_at_3": 0.019397535020738203,
        "hits_at_5": 0.02011002889421695,
        "hits_at_10": 0.02395034454134003,
        "hits_at_20": 0.029399638239746544
      },
      "micro_minus_macro_gap": {
        "mrr": 0.043877987546466726,
        "hits_at_1": 0.03639191338417113,
        "hits_at_3": 0.03804280190017897,
        "hits_at_5": 0.040576681447383425,
        "hits_at_10": 0.05001432555692857,
        "hits_at_20": 0.06527162989315004
      }
    },
    "both_mrr_ci95": [
      0.06344054768330706,
      0.06838120634919906
    ],
    "protocol": "full ranking over same-type candidate pool, filtered (train+valid+test), realistic rank; tail grouped by head, head grouped by tail",
    "both_mean_reciprocal_rank": 0.06587210897590547,
    "both_hits_at_1": 0.05512985493682733,
    "both_hits_at_3": 0.05744033692091717,
    "both_hits_at_5": 0.06068671034160038,
    "both_hits_at_10": 0.0739646700982686,
    "both_hits_at_20": 0.09467126813289659
  },
  "stratified_note": "recompute tax-layer strata offline from raw + cold_microbe_tax_proximity.tsv",
  "downstream_genuine_pairs": 18499,
  "downstream_total_pairs": 106439
}