{
  "task": "task3",
  "model": "DistMult",
  "setting": "A",
  "seed": 42,
  "model_type": "kge",
  "elapsed_sec": 966.3,
  "num_train": 3670743,
  "num_test_eval": 8154,
  "num_test_oov": 0,
  "early_stopping": {
    "stopped_early": true,
    "best_epoch": 35,
    "best_metric": 0.07303611934185028
  },
  "can_utilize_recovery": {
    "tail": {
      "micro": {
        "mrr": 0.1060780110790792,
        "mean_rank": 59.434633308805495,
        "n": 8154,
        "hits_at_1": 0.046357615894039736,
        "hits_at_3": 0.09050772626931568,
        "hits_at_5": 0.12079960755457445,
        "hits_at_10": 0.21535442727495707,
        "hits_at_20": 0.36889870002452785
      },
      "macro": {
        "mrr": 0.10874646242491907,
        "n_groups": 579,
        "hits_at_1": 0.04580149539552541,
        "hits_at_3": 0.09328975447202391,
        "hits_at_5": 0.12235575396530447,
        "hits_at_10": 0.22510690819174795,
        "hits_at_20": 0.3966459369733544
      },
      "micro_minus_macro_gap": {
        "mrr": -0.002668451345839873,
        "hits_at_1": 0.0005561204985143273,
        "hits_at_3": -0.002782028202708231,
        "hits_at_5": -0.0015561464107300277,
        "hits_at_10": -0.009752480916790873,
        "hits_at_20": -0.027747236948826526
      }
    },
    "head": {
      "micro": {
        "mrr": 0.24458947362602657,
        "mean_rank": 1099.4181383370126,
        "n": 8154,
        "hits_at_1": 0.2403728231542801,
        "hits_at_3": 0.241476575913662,
        "hits_at_5": 0.2427029678685308,
        "hits_at_10": 0.24981604120676967,
        "hits_at_20": 0.25202354672553345
      },
      "macro": {
        "mrr": 0.4839798664652931,
        "n_groups": 675,
        "hits_at_1": 0.48108248763986466,
        "hits_at_3": 0.4850111313499291,
        "hits_at_5": 0.48529445893498885,
        "hits_at_10": 0.48695095968985025,
        "hits_at_20": 0.4877794792309165
      },
      "micro_minus_macro_gap": {
        "mrr": -0.23939039283926655,
        "hits_at_1": -0.24070966448558456,
        "hits_at_3": -0.24353455543626712,
        "hits_at_5": -0.24259149106645805,
        "hits_at_10": -0.23713491848308058,
        "hits_at_20": -0.23575593250538307
      }
    },
    "both": {
      "micro": {
        "mrr": 0.1753337423525529,
        "mean_rank": 579.426385822909,
        "n": 16308,
        "hits_at_1": 0.14336521952415993,
        "hits_at_3": 0.16599215109148885,
        "hits_at_5": 0.1817512877115526,
        "hits_at_10": 0.2325852342408634,
        "hits_at_20": 0.3104611233750307
      },
      "macro": {
        "mrr": 0.3107261655566994,
        "n_groups": 1254,
        "hits_at_1": 0.2801034649050382,
        "hits_at_3": 0.304144562600083,
        "hits_at_5": 0.31771749707099584,
        "hits_at_10": 0.3660516727541236,
        "hits_at_20": 0.44570107335601344
      },
      "micro_minus_macro_gap": {
        "mrr": -0.13539242320414652,
        "hits_at_1": -0.13673824538087825,
        "hits_at_3": -0.13815241150859414,
        "hits_at_5": -0.13596620935944323,
        "hits_at_10": -0.1334664385132602,
        "hits_at_20": -0.13523994998098277
      }
    },
    "both_mrr_ci95": [
      0.17040337157455487,
      0.18022495299558572
    ],
    "protocol": "full ranking over same-type candidate pool, filtered (train+valid+test), realistic rank; tail grouped by head, head grouped by tail",
    "both_mean_reciprocal_rank": 0.1753337423525529,
    "both_hits_at_1": 0.14336521952415993,
    "both_hits_at_3": 0.16599215109148885,
    "both_hits_at_5": 0.1817512877115526,
    "both_hits_at_10": 0.2325852342408634,
    "both_hits_at_20": 0.3104611233750307
  },
  "stratified_note": "recompute tax-layer strata offline from raw + cold_microbe_tax_proximity.tsv"
}