{
  "task": "task3",
  "model": "DistMult",
  "setting": "B",
  "seed": 42,
  "model_type": "kge",
  "elapsed_sec": 1301.7,
  "num_train": 3660979,
  "num_test_eval": 17096,
  "num_test_oov": 0,
  "early_stopping": {
    "stopped_early": true,
    "best_epoch": 55,
    "best_metric": 0.012604888528585434
  },
  "can_utilize_recovery": {
    "tail": {
      "micro": {
        "mrr": 0.040355740276641884,
        "mean_rank": 134.48213032288254,
        "n": 17096,
        "hits_at_1": 0.017781937295273748,
        "hits_at_3": 0.026321946654188116,
        "hits_at_5": 0.03579784744969584,
        "hits_at_10": 0.05510060832943379,
        "hits_at_20": 0.10891436593355171
      },
      "macro": {
        "mrr": 0.04090864408962984,
        "n_groups": 116,
        "hits_at_1": 0.017622422881378486,
        "hits_at_3": 0.026307761828186164,
        "hits_at_5": 0.03546546340479553,
        "hits_at_10": 0.054565463743002585,
        "hits_at_20": 0.1089638800867205
      },
      "micro_minus_macro_gap": {
        "mrr": -0.0005529038129879552,
        "hits_at_1": 0.0001595144138952613,
        "hits_at_3": 1.4184826001951284e-05,
        "hits_at_5": 0.00033238404490030377,
        "hits_at_10": 0.0005351445864312035,
        "hits_at_20": -4.951415316879759e-05
      }
    },
    "head": {
      "micro": {
        "mrr": 0.11115337385917427,
        "mean_rank": 1691.8617220402434,
        "n": 17096,
        "hits_at_1": 0.1085634066448292,
        "hits_at_3": 0.1085634066448292,
        "hits_at_5": 0.1085634066448292,
        "hits_at_10": 0.11529012634534394,
        "hits_at_20": 0.11529012634534394
      },
      "macro": {
        "mrr": 0.022839690893161166,
        "n_groups": 749,
        "hits_at_1": 0.021361815754339118,
        "hits_at_3": 0.021361815754339118,
        "hits_at_5": 0.021361815754339118,
        "hits_at_10": 0.022696929238985315,
        "hits_at_20": 0.022696929238985315
      },
      "micro_minus_macro_gap": {
        "mrr": 0.08831368296601311,
        "hits_at_1": 0.0872015908904901,
        "hits_at_3": 0.0872015908904901,
        "hits_at_5": 0.0872015908904901,
        "hits_at_10": 0.09259319710635863,
        "hits_at_20": 0.09259319710635863
      }
    },
    "both": {
      "micro": {
        "mrr": 0.07575455706790808,
        "mean_rank": 913.171926181563,
        "n": 34192,
        "hits_at_1": 0.06317267197005147,
        "hits_at_3": 0.06744267664950866,
        "hits_at_5": 0.07218062704726252,
        "hits_at_10": 0.08519536733738886,
        "hits_at_20": 0.11210224613944783
      },
      "macro": {
        "mrr": 0.02526281062817893,
        "n_groups": 865,
        "hits_at_1": 0.0208603480395837,
        "hits_at_3": 0.022025087135340574,
        "hits_at_5": 0.023253171971047724,
        "hits_at_10": 0.0269706286638015,
        "hits_at_20": 0.034265676404693156
      },
      "micro_minus_macro_gap": {
        "mrr": 0.05049174643972915,
        "hits_at_1": 0.04231232393046777,
        "hits_at_3": 0.04541758951416809,
        "hits_at_5": 0.0489274550762148,
        "hits_at_10": 0.058224738673587365,
        "hits_at_20": 0.07783656973475467
      }
    },
    "both_mrr_ci95": [
      0.0731329016688468,
      0.07833508610146721
    ],
    "protocol": "full ranking over same-type candidate pool, filtered (train+valid+test), realistic rank; tail grouped by head, head grouped by tail",
    "both_mean_reciprocal_rank": 0.07575455706790808,
    "both_hits_at_1": 0.06317267197005147,
    "both_hits_at_3": 0.06744267664950866,
    "both_hits_at_5": 0.07218062704726252,
    "both_hits_at_10": 0.08519536733738886,
    "both_hits_at_20": 0.11210224613944783
  },
  "stratified_note": "recompute tax-layer strata offline from raw + cold_microbe_tax_proximity.tsv",
  "downstream_genuine_pairs": 18499,
  "downstream_total_pairs": 106439
}