{
  "task": "task3",
  "model": "L3",
  "setting": "A",
  "seed": 42,
  "model_type": "structural",
  "elapsed_sec": 19.9,
  "num_train": 3670743,
  "num_test_eval": 8154,
  "num_test_oov": 0,
  "early_stopping": null,
  "can_utilize_recovery": {
    "tail": {
      "micro": {
        "mrr": 0.4222426010856026,
        "mean_rank": 46.811258278145694,
        "n": 8154,
        "hits_at_1": 0.34964434633308805,
        "hits_at_3": 0.4492273730684327,
        "hits_at_5": 0.49472651459406425,
        "hits_at_10": 0.553102771645818,
        "hits_at_20": 0.6171204316899681
      },
      "macro": {
        "mrr": 0.45948718081233897,
        "n_groups": 579,
        "hits_at_1": 0.38007400808921826,
        "hits_at_3": 0.49061091479668484,
        "hits_at_5": 0.5435190561067478,
        "hits_at_10": 0.6088757262536794,
        "hits_at_20": 0.6731671755847058
      },
      "micro_minus_macro_gap": {
        "mrr": -0.03724457972673639,
        "hits_at_1": -0.03042966175613021,
        "hits_at_3": -0.04138354172825215,
        "hits_at_5": -0.04879254151268353,
        "hits_at_10": -0.05577295460786136,
        "hits_at_20": -0.05604674389473774
      }
    },
    "head": {
      "micro": {
        "mrr": 0.25184811527874684,
        "mean_rank": 940.4265391219034,
        "n": 8154,
        "hits_at_1": 0.24503311258278146,
        "hits_at_3": 0.25042923718420407,
        "hits_at_5": 0.25398577385332355,
        "hits_at_10": 0.26036301201864115,
        "hits_at_20": 0.2682119205298013
      },
      "macro": {
        "mrr": 0.48802768067542013,
        "n_groups": 675,
        "hits_at_1": 0.4848359766523749,
        "hits_at_3": 0.48645164887950176,
        "hits_at_5": 0.4882992314824857,
        "hits_at_10": 0.4914542381220635,
        "hits_at_20": 0.49764508416428593
      },
      "micro_minus_macro_gap": {
        "mrr": -0.23617956539667329,
        "hits_at_1": -0.23980286406959342,
        "hits_at_3": -0.2360224116952977,
        "hits_at_5": -0.23431345762916217,
        "hits_at_10": -0.23109122610342236,
        "hits_at_20": -0.22943316363448463
      }
    },
    "both": {
      "micro": {
        "mrr": 0.3370453581821747,
        "mean_rank": 493.61889870002454,
        "n": 16308,
        "hits_at_1": 0.29733872945793477,
        "hits_at_3": 0.34982830512631835,
        "hits_at_5": 0.3743561442236939,
        "hits_at_10": 0.4067328918322296,
        "hits_at_20": 0.44266617610988473
      },
      "macro": {
        "mrr": 0.47484989006878214,
        "n_groups": 1254,
        "hits_at_1": 0.43646501987560643,
        "hits_at_3": 0.48837207548719636,
        "hits_at_5": 0.5137954662970373,
        "hits_at_10": 0.5456703797713502,
        "hits_at_20": 0.5786875809206042
      },
      "micro_minus_macro_gap": {
        "mrr": -0.13780453188660746,
        "hits_at_1": -0.13912629041767166,
        "hits_at_3": -0.138543770360878,
        "hits_at_5": -0.13943932207334342,
        "hits_at_10": -0.13893748793912064,
        "hits_at_20": -0.1360214048107195
      }
    },
    "both_mrr_ci95": [
      0.3303559440898979,
      0.34371127843277005
    ],
    "protocol": "full ranking over same-type candidate pool, filtered (train+valid+test), realistic rank; tail grouped by head, head grouped by tail",
    "both_mean_reciprocal_rank": 0.3370453581821747,
    "both_hits_at_1": 0.29733872945793477,
    "both_hits_at_3": 0.34982830512631835,
    "both_hits_at_5": 0.3743561442236939,
    "both_hits_at_10": 0.4067328918322296,
    "both_hits_at_20": 0.44266617610988473
  },
  "stratified_note": "recompute tax-layer strata offline from raw + cold_microbe_tax_proximity.tsv"
}