{
  "task": "task3",
  "model": "L3",
  "setting": "B",
  "seed": 42,
  "model_type": "structural",
  "elapsed_sec": 15.9,
  "num_train": 3660979,
  "num_test_eval": 17096,
  "num_test_oov": 0,
  "early_stopping": null,
  "can_utilize_recovery": {
    "tail": {
      "micro": {
        "mrr": 0.3121740871525805,
        "mean_rank": 49.763248713149274,
        "n": 17096,
        "hits_at_1": 0.1918577445016378,
        "hits_at_3": 0.37476602714085167,
        "hits_at_5": 0.455135704258306,
        "hits_at_10": 0.5398923724847917,
        "hits_at_20": 0.6091483387927
      },
      "macro": {
        "mrr": 0.34043204301720986,
        "n_groups": 116,
        "hits_at_1": 0.2011820757187281,
        "hits_at_3": 0.413153858848601,
        "hits_at_5": 0.5114727004419639,
        "hits_at_10": 0.6115933436489117,
        "hits_at_20": 0.6908457667508451
      },
      "micro_minus_macro_gap": {
        "mrr": -0.02825795586462937,
        "hits_at_1": -0.009324331217090281,
        "hits_at_3": -0.03838783170774934,
        "hits_at_5": -0.056336996183657895,
        "hits_at_10": -0.07170097116412,
        "hits_at_20": -0.08169742795814505
      }
    },
    "head": {
      "micro": {
        "mrr": 0.11636551669678964,
        "mean_rank": 1582.3837154890032,
        "n": 17096,
        "hits_at_1": 0.10944080486663547,
        "hits_at_3": 0.110493682732803,
        "hits_at_5": 0.11137108095460926,
        "hits_at_10": 0.1380439868975199,
        "hits_at_20": 0.1410271408516612
      },
      "macro": {
        "mrr": 0.0314363671260761,
        "n_groups": 749,
        "hits_at_1": 0.021598877980364656,
        "hits_at_3": 0.021994596519126032,
        "hits_at_5": 0.022188877908074753,
        "hits_at_10": 0.07677401733013967,
        "hits_at_20": 0.07787123308320731
      },
      "micro_minus_macro_gap": {
        "mrr": 0.08492914957071354,
        "hits_at_1": 0.08784192688627082,
        "hits_at_3": 0.08849908621367697,
        "hits_at_5": 0.08918220304653451,
        "hits_at_10": 0.061269969567380234,
        "hits_at_20": 0.0631559077684539
      }
    },
    "both": {
      "micro": {
        "mrr": 0.2142698019246851,
        "mean_rank": 816.0734821010763,
        "n": 34192,
        "hits_at_1": 0.15064927468413664,
        "hits_at_3": 0.24262985493682732,
        "hits_at_5": 0.28325339260645765,
        "hits_at_10": 0.33896817969115584,
        "hits_at_20": 0.37508773982218063
      },
      "macro": {
        "mrr": 0.07287393753459809,
        "n_groups": 865,
        "hits_at_1": 0.04568171143429547,
        "hits_at_3": 0.07445063632284753,
        "hits_at_5": 0.08780381827100092,
        "hits_at_10": 0.1484954529983218,
        "hits_at_20": 0.16007359829181536
      },
      "micro_minus_macro_gap": {
        "mrr": 0.141395864390087,
        "hits_at_1": 0.10496756324984116,
        "hits_at_3": 0.16817921861397978,
        "hits_at_5": 0.19544957433545673,
        "hits_at_10": 0.19047272669283405,
        "hits_at_20": 0.21501414153036527
      }
    },
    "both_mrr_ci95": [
      0.2106807436585479,
      0.21815787784410604
    ],
    "protocol": "full ranking over same-type candidate pool, filtered (train+valid+test), realistic rank; tail grouped by head, head grouped by tail",
    "both_mean_reciprocal_rank": 0.2142698019246851,
    "both_hits_at_1": 0.15064927468413664,
    "both_hits_at_3": 0.24262985493682732,
    "both_hits_at_5": 0.28325339260645765,
    "both_hits_at_10": 0.33896817969115584,
    "both_hits_at_20": 0.37508773982218063
  },
  "stratified_note": "recompute tax-layer strata offline from raw + cold_microbe_tax_proximity.tsv",
  "downstream_genuine_pairs": 18499,
  "downstream_total_pairs": 106439
}