{
  "task": "task3",
  "model": "PairRE",
  "setting": "A",
  "seed": 42,
  "model_type": "kge",
  "elapsed_sec": 3321.4,
  "num_train": 3670743,
  "num_test_eval": 8154,
  "num_test_oov": 0,
  "early_stopping": {
    "stopped_early": false,
    "best_epoch": 190,
    "best_metric": 0.1445152908563614
  },
  "can_utilize_recovery": {
    "tail": {
      "micro": {
        "mrr": 0.41711758291076184,
        "mean_rank": 12.72700515084621,
        "n": 8154,
        "hits_at_1": 0.25938189845474613,
        "hits_at_3": 0.48969830757910227,
        "hits_at_5": 0.6019131714495953,
        "hits_at_10": 0.7496934020112828,
        "hits_at_20": 0.8610497915133677
      },
      "macro": {
        "mrr": 0.40191675624286677,
        "n_groups": 579,
        "hits_at_1": 0.24660817208788055,
        "hits_at_3": 0.4698862316979455,
        "hits_at_5": 0.5792553500669152,
        "hits_at_10": 0.7317822971075092,
        "hits_at_20": 0.8464559944716021
      },
      "micro_minus_macro_gap": {
        "mrr": 0.015200826667895073,
        "hits_at_1": 0.012773726366865579,
        "hits_at_3": 0.019812075881156743,
        "hits_at_5": 0.022657821382680132,
        "hits_at_10": 0.017911104903773567,
        "hits_at_20": 0.014593797041765555
      }
    },
    "head": {
      "micro": {
        "mrr": 0.4021216221765238,
        "mean_rank": 181.1350870738288,
        "n": 8154,
        "hits_at_1": 0.3576158940397351,
        "hits_at_3": 0.41108658327201375,
        "hits_at_5": 0.44260485651214126,
        "hits_at_10": 0.4831984302182978,
        "hits_at_20": 0.5350748099092469
      },
      "macro": {
        "mrr": 0.5550682030896193,
        "n_groups": 675,
        "hits_at_1": 0.514498360922855,
        "hits_at_3": 0.5688346248240442,
        "hits_at_5": 0.5986882754434717,
        "hits_at_10": 0.6237720396085054,
        "hits_at_20": 0.6587965452225959
      },
      "micro_minus_macro_gap": {
        "mrr": -0.15294658091309554,
        "hits_at_1": -0.15688246688311985,
        "hits_at_3": -0.15774804155203048,
        "hits_at_5": -0.15608341893133043,
        "hits_at_10": -0.14057360939020758,
        "hits_at_20": -0.12372173531334896
      }
    },
    "both": {
      "micro": {
        "mrr": 0.4096196025436428,
        "mean_rank": 96.9310461123375,
        "n": 16308,
        "hits_at_1": 0.30849889624724064,
        "hits_at_3": 0.450392445425558,
        "hits_at_5": 0.5222590139808683,
        "hits_at_10": 0.6164459161147903,
        "hits_at_20": 0.6980623007113074
      },
      "macro": {
        "mrr": 0.4843547360048748,
        "n_groups": 1254,
        "hits_at_1": 0.39080743641292665,
        "hits_at_3": 0.5231479265624723,
        "hits_at_5": 0.5897156567887458,
        "hits_at_10": 0.6736428044346005,
        "hits_at_20": 0.7454431330337399
      },
      "micro_minus_macro_gap": {
        "mrr": -0.07473513346123195,
        "hits_at_1": -0.082308540165686,
        "hits_at_3": -0.07275548113691432,
        "hits_at_5": -0.06745664280787755,
        "hits_at_10": -0.05719688831981018,
        "hits_at_20": -0.04738083232243251
      }
    },
    "both_mrr_ci95": [
      0.4032332838229795,
      0.41571468555151275
    ],
    "protocol": "full ranking over same-type candidate pool, filtered (train+valid+test), realistic rank; tail grouped by head, head grouped by tail",
    "both_mean_reciprocal_rank": 0.4096196025436428,
    "both_hits_at_1": 0.30849889624724064,
    "both_hits_at_3": 0.450392445425558,
    "both_hits_at_5": 0.5222590139808683,
    "both_hits_at_10": 0.6164459161147903,
    "both_hits_at_20": 0.6980623007113074
  },
  "stratified_note": "recompute tax-layer strata offline from raw + cold_microbe_tax_proximity.tsv"
}