{
  "task": "task3",
  "model": "PairRE",
  "setting": "B",
  "seed": 42,
  "model_type": "kge",
  "elapsed_sec": 1157.3,
  "num_train": 3660979,
  "num_test_eval": 17096,
  "num_test_oov": 0,
  "early_stopping": {
    "stopped_early": true,
    "best_epoch": 15,
    "best_metric": 0.10866660624742508
  },
  "can_utilize_recovery": {
    "tail": {
      "micro": {
        "mrr": 0.15497716671294964,
        "mean_rank": 83.25763336452971,
        "n": 17096,
        "hits_at_1": 0.07048432381843706,
        "hits_at_3": 0.16939635002339729,
        "hits_at_5": 0.22771408516612074,
        "hits_at_10": 0.3245203556387459,
        "hits_at_20": 0.44618624239588206
      },
      "macro": {
        "mrr": 0.16916407381390453,
        "n_groups": 116,
        "hits_at_1": 0.07521726168647153,
        "hits_at_3": 0.1854697944477968,
        "hits_at_5": 0.2518482080789013,
        "hits_at_10": 0.36130475034934545,
        "hits_at_20": 0.49580283239690354
      },
      "micro_minus_macro_gap": {
        "mrr": -0.014186907100954882,
        "hits_at_1": -0.00473293786803447,
        "hits_at_3": -0.016073444424399508,
        "hits_at_5": -0.024134122912780553,
        "hits_at_10": -0.03678439471059952,
        "hits_at_20": -0.04961659000102148
      }
    },
    "head": {
      "micro": {
        "mrr": 0.11087579458826571,
        "mean_rank": 2079.8184663079082,
        "n": 17096,
        "hits_at_1": 0.1085634066448292,
        "hits_at_3": 0.1085634066448292,
        "hits_at_5": 0.1085634066448292,
        "hits_at_10": 0.11529012634534394,
        "hits_at_20": 0.11529012634534394
      },
      "macro": {
        "mrr": 0.022019397684987247,
        "n_groups": 749,
        "hits_at_1": 0.021361815754339118,
        "hits_at_3": 0.021361815754339118,
        "hits_at_5": 0.021361815754339118,
        "hits_at_10": 0.022696929238985315,
        "hits_at_20": 0.022696929238985315
      },
      "micro_minus_macro_gap": {
        "mrr": 0.08885639690327847,
        "hits_at_1": 0.0872015908904901,
        "hits_at_3": 0.0872015908904901,
        "hits_at_5": 0.0872015908904901,
        "hits_at_10": 0.09259319710635863,
        "hits_at_20": 0.09259319710635863
      }
    },
    "both": {
      "micro": {
        "mrr": 0.13292648065060766,
        "mean_rank": 1081.538049836219,
        "n": 34192,
        "hits_at_1": 0.08952386523163314,
        "hits_at_3": 0.13897987833411324,
        "hits_at_5": 0.16813874590547495,
        "hits_at_10": 0.21990524099204492,
        "hits_at_20": 0.280738184370613
      },
      "macro": {
        "mrr": 0.04175209413695765,
        "n_groups": 865,
        "hits_at_1": 0.02858404896604705,
        "hits_at_3": 0.04336935971785484,
        "hits_at_5": 0.05227097356896249,
        "hits_at_10": 0.0681056081393342,
        "hits_at_20": 0.08614234515380441
      },
      "micro_minus_macro_gap": {
        "mrr": 0.09117438651365001,
        "hits_at_1": 0.06093981626558609,
        "hits_at_3": 0.0956105186162584,
        "hits_at_5": 0.11586777233651246,
        "hits_at_10": 0.15179963285271073,
        "hits_at_20": 0.19459583921680856
      }
    },
    "both_mrr_ci95": [
      0.12997365728997448,
      0.13592916455557044
    ],
    "protocol": "full ranking over same-type candidate pool, filtered (train+valid+test), realistic rank; tail grouped by head, head grouped by tail",
    "both_mean_reciprocal_rank": 0.13292648065060766,
    "both_hits_at_1": 0.08952386523163314,
    "both_hits_at_3": 0.13897987833411324,
    "both_hits_at_5": 0.16813874590547495,
    "both_hits_at_10": 0.21990524099204492,
    "both_hits_at_20": 0.280738184370613
  },
  "stratified_note": "recompute tax-layer strata offline from raw + cold_microbe_tax_proximity.tsv",
  "downstream_genuine_pairs": 18499,
  "downstream_total_pairs": 106439
}