{
  "task": "task3",
  "model": "Popularity",
  "setting": "B",
  "seed": 42,
  "model_type": "trivial",
  "elapsed_sec": 6.4,
  "num_train": 3660979,
  "num_test_eval": 17096,
  "num_test_oov": 0,
  "early_stopping": null,
  "can_utilize_recovery": {
    "tail": {
      "micro": {
        "mrr": 0.19796145225541253,
        "mean_rank": 52.48663430042115,
        "n": 17096,
        "hits_at_1": 0.011172204024333178,
        "hits_at_3": 0.3276204960224614,
        "hits_at_5": 0.41576977070659804,
        "hits_at_10": 0.5070776789892373,
        "hits_at_20": 0.5734089845577913
      },
      "macro": {
        "mrr": 0.21417556093406503,
        "n_groups": 116,
        "hits_at_1": 0.003438709446875672,
        "hits_at_3": 0.36050476721108243,
        "hits_at_5": 0.46969043088445356,
        "hits_at_10": 0.5710956027549992,
        "hits_at_20": 0.6446873831054784
      },
      "micro_minus_macro_gap": {
        "mrr": -0.0162141086786525,
        "hits_at_1": 0.007733494577457506,
        "hits_at_3": -0.03288427118862103,
        "hits_at_5": -0.05392066017785552,
        "hits_at_10": -0.06401792376576187,
        "hits_at_20": -0.07127839854768703
      }
    },
    "head": {
      "micro": {
        "mrr": 0.11502758884439808,
        "mean_rank": 1467.0139506317266,
        "n": 17096,
        "hits_at_1": 0.10996724379971923,
        "hits_at_3": 0.1116050538137576,
        "hits_at_5": 0.11283341132428638,
        "hits_at_10": 0.11932615816565278,
        "hits_at_20": 0.12371314927468413
      },
      "macro": {
        "mrr": 0.025259534392845912,
        "n_groups": 749,
        "hits_at_1": 0.02164183337079529,
        "hits_at_3": 0.021970456891100654,
        "hits_at_5": 0.022236390362447494,
        "hits_at_10": 0.023710299489778236,
        "hits_at_20": 0.025420303622380853
      },
      "micro_minus_macro_gap": {
        "mrr": 0.08976805445155217,
        "hits_at_1": 0.08832541042892395,
        "hits_at_3": 0.08963459692265695,
        "hits_at_5": 0.09059702096183889,
        "hits_at_10": 0.09561585867587455,
        "hits_at_20": 0.09829284565230328
      }
    },
    "both": {
      "micro": {
        "mrr": 0.15649452054990534,
        "mean_rank": 759.7502924660739,
        "n": 34192,
        "hits_at_1": 0.060569723912026203,
        "hits_at_3": 0.2196127749181095,
        "hits_at_5": 0.2643015910154422,
        "hits_at_10": 0.313201918577445,
        "hits_at_20": 0.3485610669162377
      },
      "macro": {
        "mrr": 0.050593937952130796,
        "n_groups": 865,
        "hits_at_1": 0.019200720798339014,
        "hits_at_3": 0.06736927769701728,
        "hits_at_5": 0.08224178770412692,
        "hits_at_10": 0.09711688351147263,
        "hits_at_20": 0.10846652468601008
      },
      "micro_minus_macro_gap": {
        "mrr": 0.10590058259777455,
        "hits_at_1": 0.041369003113687186,
        "hits_at_3": 0.1522434972210922,
        "hits_at_5": 0.18205980331131527,
        "hits_at_10": 0.21608503506597238,
        "hits_at_20": 0.24009454223022764
      }
    },
    "both_mrr_ci95": [
      0.15376762525643892,
      0.1594604876240781
    ],
    "protocol": "full ranking over same-type candidate pool, filtered (train+valid+test), realistic rank; tail grouped by head, head grouped by tail",
    "both_mean_reciprocal_rank": 0.15649452054990534,
    "both_hits_at_1": 0.060569723912026203,
    "both_hits_at_3": 0.2196127749181095,
    "both_hits_at_5": 0.2643015910154422,
    "both_hits_at_10": 0.313201918577445,
    "both_hits_at_20": 0.3485610669162377
  },
  "stratified_note": "recompute tax-layer strata offline from raw + cold_microbe_tax_proximity.tsv",
  "downstream_genuine_pairs": 18499,
  "downstream_total_pairs": 106439
}