{
  "task": "task3",
  "model": "Popularity",
  "setting": "A",
  "seed": 42,
  "model_type": "trivial",
  "elapsed_sec": 4.2,
  "num_train": 3670743,
  "num_test_eval": 8154,
  "num_test_oov": 0,
  "early_stopping": null,
  "can_utilize_recovery": {
    "tail": {
      "micro": {
        "mrr": 0.20681772828520886,
        "mean_rank": 51.28660779985283,
        "n": 8154,
        "hits_at_1": 0.011160166789305863,
        "hits_at_3": 0.3498896247240618,
        "hits_at_5": 0.4336521952415992,
        "hits_at_10": 0.5313956340446406,
        "hits_at_20": 0.6047338729457935
      },
      "macro": {
        "mrr": 0.22105392246584482,
        "n_groups": 579,
        "hits_at_1": 0.0031064197110663378,
        "hits_at_3": 0.38071707341875255,
        "hits_at_5": 0.47777533775202086,
        "hits_at_10": 0.5874036871451209,
        "hits_at_20": 0.6644803072013863
      },
      "micro_minus_macro_gap": {
        "mrr": -0.014236194180635958,
        "hits_at_1": 0.008053747078239526,
        "hits_at_3": -0.03082744869469073,
        "hits_at_5": -0.044123142510421653,
        "hits_at_10": -0.05600805310048029,
        "hits_at_20": -0.059746434255592784
      }
    },
    "head": {
      "micro": {
        "mrr": 0.15558285846716624,
        "mean_rank": 813.9779249448123,
        "n": 8154,
        "hits_at_1": 0.12680892813343145,
        "hits_at_3": 0.16764778023056168,
        "hits_at_5": 0.17844002943340692,
        "hits_at_10": 0.21167525141035073,
        "hits_at_20": 0.22148638704930096
      },
      "macro": {
        "mrr": 0.13575064954204719,
        "n_groups": 675,
        "hits_at_1": 0.05569817179590683,
        "hits_at_3": 0.18289038087267087,
        "hits_at_5": 0.21631784531407103,
        "hits_at_10": 0.3107291333403905,
        "hits_at_20": 0.32094694558552866
      },
      "micro_minus_macro_gap": {
        "mrr": 0.019832208925119055,
        "hits_at_1": 0.07111075633752462,
        "hits_at_3": -0.015242600642109194,
        "hits_at_5": -0.037877815880664106,
        "hits_at_10": -0.09905388193003975,
        "hits_at_20": -0.0994605585362277
      }
    },
    "both": {
      "micro": {
        "mrr": 0.18120029337618754,
        "mean_rank": 432.6322663723326,
        "n": 16308,
        "hits_at_1": 0.06898454746136866,
        "hits_at_3": 0.25876870247731176,
        "hits_at_5": 0.30604611233750306,
        "hits_at_10": 0.3715354427274957,
        "hits_at_20": 0.4131101299975472
      },
      "macro": {
        "mrr": 0.17513708895423125,
        "n_groups": 1254,
        "hits_at_1": 0.031415377173002,
        "hits_at_3": 0.27423141355543107,
        "hits_at_5": 0.33703864923877036,
        "hits_at_10": 0.43847599669999093,
        "hits_at_20": 0.4795640240349558
      },
      "micro_minus_macro_gap": {
        "mrr": 0.006063204421956292,
        "hits_at_1": 0.037569170288366656,
        "hits_at_3": -0.015462711078119307,
        "hits_at_5": -0.030992536901267298,
        "hits_at_10": -0.06694055397249521,
        "hits_at_20": -0.06645389403740859
      }
    },
    "both_mrr_ci95": [
      0.1769189748680739,
      0.18549592446348656
    ],
    "protocol": "full ranking over same-type candidate pool, filtered (train+valid+test), realistic rank; tail grouped by head, head grouped by tail",
    "both_mean_reciprocal_rank": 0.18120029337618754,
    "both_hits_at_1": 0.06898454746136866,
    "both_hits_at_3": 0.25876870247731176,
    "both_hits_at_5": 0.30604611233750306,
    "both_hits_at_10": 0.3715354427274957,
    "both_hits_at_20": 0.4131101299975472
  },
  "stratified_note": "recompute tax-layer strata offline from raw + cold_microbe_tax_proximity.tsv"
}