{
  "task": "task3",
  "model": "RA",
  "setting": "A",
  "seed": 42,
  "model_type": "structural",
  "elapsed_sec": 5.2,
  "num_train": 3670743,
  "num_test_eval": 8154,
  "num_test_oov": 0,
  "early_stopping": null,
  "can_utilize_recovery": {
    "tail": {
      "micro": {
        "mrr": 0.2426765311577812,
        "mean_rank": 94.62846455727251,
        "n": 8154,
        "hits_at_1": 0.14520480745646308,
        "hits_at_3": 0.27005150846210446,
        "hits_at_5": 0.3262202599950944,
        "hits_at_10": 0.42322786362521464,
        "hits_at_20": 0.5064998773608045
      },
      "macro": {
        "mrr": 0.2401870278967337,
        "n_groups": 579,
        "hits_at_1": 0.13757878010832636,
        "hits_at_3": 0.26374458953661023,
        "hits_at_5": 0.32986157348007605,
        "hits_at_10": 0.4375060567749332,
        "hits_at_20": 0.5335073291001666
      },
      "micro_minus_macro_gap": {
        "mrr": 0.002489503261047493,
        "hits_at_1": 0.007626027348136721,
        "hits_at_3": 0.0063069189254942315,
        "hits_at_5": -0.0036413134849816453,
        "hits_at_10": -0.014278193149718565,
        "hits_at_20": -0.027007451739362143
      }
    },
    "head": {
      "micro": {
        "mrr": 0.21805733867336666,
        "mean_rank": 401.53636252146185,
        "n": 8154,
        "hits_at_1": 0.15979887171940152,
        "hits_at_3": 0.23142016188373804,
        "hits_at_5": 0.2619573215599706,
        "hits_at_10": 0.3280598479273976,
        "hits_at_20": 0.41047338729457933
      },
      "macro": {
        "mrr": 0.11897150321149047,
        "n_groups": 675,
        "hits_at_1": 0.0681280427663116,
        "hits_at_3": 0.13983563462606335,
        "hits_at_5": 0.1597846587700256,
        "hits_at_10": 0.19853221021588066,
        "hits_at_20": 0.24819361434985013
      },
      "micro_minus_macro_gap": {
        "mrr": 0.09908583546187619,
        "hits_at_1": 0.09167082895308992,
        "hits_at_3": 0.09158452725767469,
        "hits_at_5": 0.102172662789945,
        "hits_at_10": 0.12952763771151696,
        "hits_at_20": 0.1622797729447292
      }
    },
    "both": {
      "micro": {
        "mrr": 0.23036693491557392,
        "mean_rank": 248.0824135393672,
        "n": 16308,
        "hits_at_1": 0.15250183958793231,
        "hits_at_3": 0.25073583517292125,
        "hits_at_5": 0.29408879077753247,
        "hits_at_10": 0.3756438557763061,
        "hits_at_20": 0.45848663232769193
      },
      "macro": {
        "mrr": 0.17493943685802624,
        "n_groups": 1254,
        "hits_at_1": 0.10019501000795956,
        "hits_at_3": 0.1970471855775838,
        "hits_at_5": 0.23831299498782405,
        "hits_at_10": 0.30887180922520396,
        "hits_at_20": 0.3799293725958096
      },
      "micro_minus_macro_gap": {
        "mrr": 0.05542749805754768,
        "hits_at_1": 0.05230682957997275,
        "hits_at_3": 0.05368864959533745,
        "hits_at_5": 0.05577579578970843,
        "hits_at_10": 0.06677204655110214,
        "hits_at_20": 0.07855725973188232
      }
    },
    "both_mrr_ci95": [
      0.22464189752686534,
      0.2353173544102189
    ],
    "protocol": "full ranking over same-type candidate pool, filtered (train+valid+test), realistic rank; tail grouped by head, head grouped by tail",
    "both_mean_reciprocal_rank": 0.23036693491557392,
    "both_hits_at_1": 0.15250183958793231,
    "both_hits_at_3": 0.25073583517292125,
    "both_hits_at_5": 0.29408879077753247,
    "both_hits_at_10": 0.3756438557763061,
    "both_hits_at_20": 0.45848663232769193
  },
  "stratified_note": "recompute tax-layer strata offline from raw + cold_microbe_tax_proximity.tsv"
}