{
  "task": "task3",
  "model": "RA",
  "setting": "B",
  "seed": 42,
  "model_type": "structural",
  "elapsed_sec": 4.9,
  "num_train": 3660979,
  "num_test_eval": 17096,
  "num_test_oov": 0,
  "early_stopping": null,
  "can_utilize_recovery": {
    "tail": {
      "micro": {
        "mrr": 0.2579828075124655,
        "mean_rank": 95.53784510996725,
        "n": 17096,
        "hits_at_1": 0.17296443612540946,
        "hits_at_3": 0.28456948993916703,
        "hits_at_5": 0.332884885353299,
        "hits_at_10": 0.39740290126345346,
        "hits_at_20": 0.4656644829199813
      },
      "macro": {
        "mrr": 0.2564382944627017,
        "n_groups": 116,
        "hits_at_1": 0.15787964090396944,
        "hits_at_3": 0.28506954626483677,
        "hits_at_5": 0.34581077659956255,
        "hits_at_10": 0.42119473837410915,
        "hits_at_20": 0.5004052431316885
      },
      "micro_minus_macro_gap": {
        "mrr": 0.0015445130497637738,
        "hits_at_1": 0.015084795221440017,
        "hits_at_3": -0.0005000563256697399,
        "hits_at_5": -0.012925891246263532,
        "hits_at_10": -0.02379183711065569,
        "hits_at_20": -0.034740760211707244
      }
    },
    "head": {
      "micro": {
        "mrr": 0.22528681073702156,
        "mean_rank": 351.0263219466542,
        "n": 17096,
        "hits_at_1": 0.15453907346747778,
        "hits_at_3": 0.24017313991576977,
        "hits_at_5": 0.2904188114178755,
        "hits_at_10": 0.34768366869443146,
        "hits_at_20": 0.4296911558259242
      },
      "macro": {
        "mrr": 0.11179483707475991,
        "n_groups": 749,
        "hits_at_1": 0.04052117830070622,
        "hits_at_3": 0.13647228575754713,
        "hits_at_5": 0.16154095517333023,
        "hits_at_10": 0.23488910420068385,
        "hits_at_20": 0.3047237175547465
      },
      "micro_minus_macro_gap": {
        "mrr": 0.11349197366226164,
        "hits_at_1": 0.11401789516677155,
        "hits_at_3": 0.10370085415822264,
        "hits_at_5": 0.12887785624454529,
        "hits_at_10": 0.11279456449374761,
        "hits_at_20": 0.12496743827117773
      }
    },
    "both": {
      "micro": {
        "mrr": 0.2416348091247435,
        "mean_rank": 223.28208352831072,
        "n": 34192,
        "hits_at_1": 0.1637517547964436,
        "hits_at_3": 0.2623713149274684,
        "hits_at_5": 0.3116518483855873,
        "hits_at_10": 0.37254328497894246,
        "hits_at_20": 0.44767781937295276
      },
      "macro": {
        "mrr": 0.13119210997302724,
        "n_groups": 865,
        "hits_at_1": 0.05625942299663517,
        "hits_at_3": 0.1563997796521663,
        "hits_at_5": 0.1862522838270215,
        "hits_at_10": 0.2598734435811663,
        "hits_at_20": 0.3309654019095734
      },
      "micro_minus_macro_gap": {
        "mrr": 0.11044269915171626,
        "hits_at_1": 0.10749233179980844,
        "hits_at_3": 0.10597153527530209,
        "hits_at_5": 0.1253995645585658,
        "hits_at_10": 0.11266984139777614,
        "hits_at_20": 0.11671241746337935
      }
    },
    "both_mrr_ci95": [
      0.23764462596869335,
      0.24519576461945128
    ],
    "protocol": "full ranking over same-type candidate pool, filtered (train+valid+test), realistic rank; tail grouped by head, head grouped by tail",
    "both_mean_reciprocal_rank": 0.2416348091247435,
    "both_hits_at_1": 0.1637517547964436,
    "both_hits_at_3": 0.2623713149274684,
    "both_hits_at_5": 0.3116518483855873,
    "both_hits_at_10": 0.37254328497894246,
    "both_hits_at_20": 0.44767781937295276
  },
  "stratified_note": "recompute tax-layer strata offline from raw + cold_microbe_tax_proximity.tsv",
  "downstream_genuine_pairs": 18499,
  "downstream_total_pairs": 106439
}