{
  "task": "task3",
  "model": "Random",
  "setting": "A",
  "seed": 42,
  "model_type": "trivial",
  "elapsed_sec": 0.6,
  "num_train": 3670743,
  "num_test_eval": 8154,
  "num_test_oov": 0,
  "early_stopping": null,
  "can_utilize_recovery": {
    "tail": {
      "micro": {
        "mrr": 0.011302245869763,
        "mean_rank": 326.962717684572,
        "n": 8154,
        "hits_at_1": 0.001594309541329409,
        "hits_at_3": 0.004415011037527594,
        "hits_at_5": 0.00870738287956831,
        "hits_at_10": 0.01692420897718911,
        "hits_at_20": 0.031886190826588175
      },
      "macro": {
        "mrr": 0.010282297422616578,
        "n_groups": 579,
        "hits_at_1": 0.001646871981485021,
        "hits_at_3": 0.0036392072803023167,
        "hits_at_5": 0.007113935555726833,
        "hits_at_10": 0.013854613347367813,
        "hits_at_20": 0.0277226106458704
      },
      "micro_minus_macro_gap": {
        "mrr": 0.001019948447146422,
        "hits_at_1": -5.2562440155611966e-05,
        "hits_at_3": 0.0007758037572252771,
        "hits_at_5": 0.0015934473238414775,
        "hits_at_10": 0.003069595629821297,
        "hits_at_20": 0.004163580180717774
      }
    },
    "head": {
      "micro": {
        "mrr": 0.1250192431361873,
        "mean_rank": 1025.2814569536424,
        "n": 8154,
        "hits_at_1": 0.11626195732155997,
        "hits_at_3": 0.1210448859455482,
        "hits_at_5": 0.12607309296051017,
        "hits_at_10": 0.13428991905813098,
        "hits_at_20": 0.14655383860681873
      },
      "macro": {
        "mrr": 0.027427864387448354,
        "n_groups": 675,
        "hits_at_1": 0.02402023681163446,
        "hits_at_3": 0.025362623729096822,
        "hits_at_5": 0.026688306672501223,
        "hits_at_10": 0.030625469790760213,
        "hits_at_20": 0.03453048956494833
      },
      "micro_minus_macro_gap": {
        "mrr": 0.09759137874873897,
        "hits_at_1": 0.09224172050992552,
        "hits_at_3": 0.09568226221645137,
        "hits_at_5": 0.09938478628800895,
        "hits_at_10": 0.10366444926737077,
        "hits_at_20": 0.11202334904187039
      }
    },
    "both": {
      "micro": {
        "mrr": 0.06816074450297517,
        "mean_rank": 676.1220873191072,
        "n": 16308,
        "hits_at_1": 0.05892813343144469,
        "hits_at_3": 0.0627299484915379,
        "hits_at_5": 0.06739023792003924,
        "hits_at_10": 0.07560706401766004,
        "hits_at_20": 0.08922001471670346
      },
      "macro": {
        "mrr": 0.01951137054961933,
        "n_groups": 1254,
        "hits_at_1": 0.013689951136469768,
        "hits_at_3": 0.015332433837667778,
        "hits_at_5": 0.017650379338679554,
        "hits_at_10": 0.022881988227184298,
        "hits_at_20": 0.03138713877216833
      },
      "micro_minus_macro_gap": {
        "mrr": 0.04864937395335584,
        "hits_at_1": 0.04523818229497492,
        "hits_at_3": 0.047397514653870126,
        "hits_at_5": 0.049739858581359694,
        "hits_at_10": 0.052725075790475744,
        "hits_at_20": 0.05783287594453513
      }
    },
    "both_mrr_ci95": [
      0.06459352657233294,
      0.0716393305364063
    ],
    "protocol": "full ranking over same-type candidate pool, filtered (train+valid+test), realistic rank; tail grouped by head, head grouped by tail",
    "both_mean_reciprocal_rank": 0.06816074450297517,
    "both_hits_at_1": 0.05892813343144469,
    "both_hits_at_3": 0.0627299484915379,
    "both_hits_at_5": 0.06739023792003924,
    "both_hits_at_10": 0.07560706401766004,
    "both_hits_at_20": 0.08922001471670346
  },
  "stratified_note": "recompute tax-layer strata offline from raw + cold_microbe_tax_proximity.tsv"
}