{
  "task": "task3",
  "model": "Random",
  "setting": "B",
  "seed": 42,
  "model_type": "trivial",
  "elapsed_sec": 1.6,
  "num_train": 3660979,
  "num_test_eval": 17096,
  "num_test_oov": 0,
  "early_stopping": null,
  "can_utilize_recovery": {
    "tail": {
      "micro": {
        "mrr": 0.013149597258220793,
        "mean_rank": 314.6702737482452,
        "n": 17096,
        "hits_at_1": 0.0025737014506317267,
        "hits_at_3": 0.0069021993448759944,
        "hits_at_5": 0.010470285446888161,
        "hits_at_10": 0.019127281235376697,
        "hits_at_20": 0.037552643893308375
      },
      "macro": {
        "mrr": 0.011747842610361114,
        "n_groups": 116,
        "hits_at_1": 0.002294891386742606,
        "hits_at_3": 0.006017754320210753,
        "hits_at_5": 0.009079396087924838,
        "hits_at_10": 0.016787387893827138,
        "hits_at_20": 0.032124721482693935
      },
      "micro_minus_macro_gap": {
        "mrr": 0.001401754647859679,
        "hits_at_1": 0.00027881006388912055,
        "hits_at_3": 0.0008844450246652414,
        "hits_at_5": 0.0013908893589633237,
        "hits_at_10": 0.0023398933415495586,
        "hits_at_20": 0.00542792241061444
      }
    },
    "head": {
      "micro": {
        "mrr": 0.11826921482032472,
        "mean_rank": 1060.5098268600843,
        "n": 17096,
        "hits_at_1": 0.10979176415535798,
        "hits_at_3": 0.11511464670098269,
        "hits_at_5": 0.11757136172204025,
        "hits_at_10": 0.1276906878802059,
        "hits_at_20": 0.13903837154890034
      },
      "macro": {
        "mrr": 0.024997179910589012,
        "n_groups": 749,
        "hits_at_1": 0.02178356242954223,
        "hits_at_3": 0.023001454546826162,
        "hits_at_5": 0.024248589498132016,
        "hits_at_10": 0.027237715777819485,
        "hits_at_20": 0.032571451517742434
      },
      "micro_minus_macro_gap": {
        "mrr": 0.09327203490973571,
        "hits_at_1": 0.08800820172581575,
        "hits_at_3": 0.09211319215415653,
        "hits_at_5": 0.09332277222390822,
        "hits_at_10": 0.10045297210238642,
        "hits_at_20": 0.1064669200311579
      }
    },
    "both": {
      "micro": {
        "mrr": 0.06570940603927275,
        "mean_rank": 687.5900503041647,
        "n": 34192,
        "hits_at_1": 0.05618273280299485,
        "hits_at_3": 0.06100842302292934,
        "hits_at_5": 0.0640208235844642,
        "hits_at_10": 0.0734089845577913,
        "hits_at_20": 0.08829550772110435
      },
      "macro": {
        "mrr": 0.02322039016859313,
        "n_groups": 865,
        "hits_at_1": 0.01917005278680841,
        "hits_at_3": 0.020723871626262713,
        "hits_at_5": 0.022214339283584007,
        "hits_at_10": 0.025836284524012414,
        "hits_at_20": 0.032511543212464245
      },
      "micro_minus_macro_gap": {
        "mrr": 0.04248901587067962,
        "hits_at_1": 0.03701268001618644,
        "hits_at_3": 0.040284551396666625,
        "hits_at_5": 0.0418064843008802,
        "hits_at_10": 0.04757270003377888,
        "hits_at_20": 0.05578396450864011
      }
    },
    "both_mrr_ci95": [
      0.06326883734633361,
      0.06822846096691647
    ],
    "protocol": "full ranking over same-type candidate pool, filtered (train+valid+test), realistic rank; tail grouped by head, head grouped by tail",
    "both_mean_reciprocal_rank": 0.06570940603927275,
    "both_hits_at_1": 0.05618273280299485,
    "both_hits_at_3": 0.06100842302292934,
    "both_hits_at_5": 0.0640208235844642,
    "both_hits_at_10": 0.0734089845577913,
    "both_hits_at_20": 0.08829550772110435
  },
  "stratified_note": "recompute tax-layer strata offline from raw + cold_microbe_tax_proximity.tsv",
  "downstream_genuine_pairs": 18499,
  "downstream_total_pairs": 106439
}