{
  "task": "task3",
  "model": "RotatE",
  "setting": "A",
  "seed": 42,
  "model_type": "kge",
  "elapsed_sec": 2983.2,
  "num_train": 3670743,
  "num_test_eval": 8154,
  "num_test_oov": 0,
  "early_stopping": {
    "stopped_early": false,
    "best_epoch": 195,
    "best_metric": 0.15348544716835022
  },
  "can_utilize_recovery": {
    "tail": {
      "micro": {
        "mrr": 0.4685846840568518,
        "mean_rank": 8.529372087319107,
        "n": 8154,
        "hits_at_1": 0.30843757664949717,
        "hits_at_3": 0.5457444199166054,
        "hits_at_5": 0.6735344616139318,
        "hits_at_10": 0.811626195732156,
        "hits_at_20": 0.9045867059112093
      },
      "macro": {
        "mrr": 0.43075996421623064,
        "n_groups": 579,
        "hits_at_1": 0.26690274821884397,
        "hits_at_3": 0.5039776581500927,
        "hits_at_5": 0.6376133391750377,
        "hits_at_10": 0.7875029171647687,
        "hits_at_20": 0.8896601361049825
      },
      "micro_minus_macro_gap": {
        "mrr": 0.037824719840621135,
        "hits_at_1": 0.0415348284306532,
        "hits_at_3": 0.04176676176651273,
        "hits_at_5": 0.035921122438894115,
        "hits_at_10": 0.024123278567387274,
        "hits_at_20": 0.014926569806226753
      }
    },
    "head": {
      "micro": {
        "mrr": 0.4243808708635028,
        "mean_rank": 137.70106696100075,
        "n": 8154,
        "hits_at_1": 0.387785136129507,
        "hits_at_3": 0.4244542555800834,
        "hits_at_5": 0.45106696100073584,
        "hits_at_10": 0.4966887417218543,
        "hits_at_20": 0.5508952661270542
      },
      "macro": {
        "mrr": 0.5967309917515413,
        "n_groups": 675,
        "hits_at_1": 0.5679021620888891,
        "hits_at_3": 0.5981441302710652,
        "hits_at_5": 0.6227150959739381,
        "hits_at_10": 0.6620752026683919,
        "hits_at_20": 0.6940586853679356
      },
      "micro_minus_macro_gap": {
        "mrr": -0.17235012088803853,
        "hits_at_1": -0.18011702595938212,
        "hits_at_3": -0.1736898746909818,
        "hits_at_5": -0.1716481349732023,
        "hits_at_10": -0.16538646094653764,
        "hits_at_20": -0.14316341924088138
      }
    },
    "both": {
      "micro": {
        "mrr": 0.4464827774601772,
        "mean_rank": 73.11521952415993,
        "n": 16308,
        "hits_at_1": 0.3481113563895021,
        "hits_at_3": 0.48509933774834435,
        "hits_at_5": 0.5623007113073338,
        "hits_at_10": 0.6541574687270052,
        "hits_at_20": 0.7277409860191317
      },
      "macro": {
        "mrr": 0.5200984359756682,
        "n_groups": 1254,
        "hits_at_1": 0.42892396381874864,
        "hits_at_3": 0.5546653524735826,
        "hits_at_5": 0.6295939498921491,
        "hits_at_10": 0.7199879990746139,
        "hits_at_20": 0.7843722738661414
      },
      "micro_minus_macro_gap": {
        "mrr": -0.07361565851549096,
        "hits_at_1": -0.08081260742924656,
        "hits_at_3": -0.06956601472523827,
        "hits_at_5": -0.06729323858481528,
        "hits_at_10": -0.06583053034760866,
        "hits_at_20": -0.05663128784700966
      }
    },
    "both_mrr_ci95": [
      0.4399157638821444,
      0.453182821821136
    ],
    "protocol": "full ranking over same-type candidate pool, filtered (train+valid+test), realistic rank; tail grouped by head, head grouped by tail",
    "both_mean_reciprocal_rank": 0.4464827774601772,
    "both_hits_at_1": 0.3481113563895021,
    "both_hits_at_3": 0.48509933774834435,
    "both_hits_at_5": 0.5623007113073338,
    "both_hits_at_10": 0.6541574687270052,
    "both_hits_at_20": 0.7277409860191317
  },
  "stratified_note": "recompute tax-layer strata offline from raw + cold_microbe_tax_proximity.tsv"
}