{
  "task": "task3",
  "model": "TransE",
  "setting": "A",
  "seed": 42,
  "model_type": "kge",
  "elapsed_sec": 1523.1,
  "num_train": 3670743,
  "num_test_eval": 8154,
  "num_test_oov": 0,
  "early_stopping": {
    "stopped_early": true,
    "best_epoch": 95,
    "best_metric": 0.1476808786392212
  },
  "can_utilize_recovery": {
    "tail": {
      "micro": {
        "mrr": 0.43687562642287586,
        "mean_rank": 11.849950944321805,
        "n": 8154,
        "hits_at_1": 0.28464557272504293,
        "hits_at_3": 0.5103016924208977,
        "hits_at_5": 0.6156487613441256,
        "hits_at_10": 0.7514103507480991,
        "hits_at_20": 0.8630120186411577
      },
      "macro": {
        "mrr": 0.4255027101279046,
        "n_groups": 579,
        "hits_at_1": 0.273805770640831,
        "hits_at_3": 0.4977108334819092,
        "hits_at_5": 0.6040082956961855,
        "hits_at_10": 0.7401413916160332,
        "hits_at_20": 0.8511570200188204
      },
      "micro_minus_macro_gap": {
        "mrr": 0.01137291629497128,
        "hits_at_1": 0.010839802084211925,
        "hits_at_3": 0.012590858938988536,
        "hits_at_5": 0.01164046564794008,
        "hits_at_10": 0.011268959132065937,
        "hits_at_20": 0.011854998622337298
      }
    },
    "head": {
      "micro": {
        "mrr": 0.35179543445551814,
        "mean_rank": 201.112092224675,
        "n": 8154,
        "hits_at_1": 0.30856021584498405,
        "hits_at_3": 0.3570026980623007,
        "hits_at_5": 0.38741721854304634,
        "hits_at_10": 0.4323031640912436,
        "hits_at_20": 0.48491537895511405
      },
      "macro": {
        "mrr": 0.5156630961575182,
        "n_groups": 675,
        "hits_at_1": 0.4763003437119246,
        "hits_at_3": 0.5329936246234703,
        "hits_at_5": 0.5518299037268697,
        "hits_at_10": 0.5789494878131901,
        "hits_at_20": 0.6167822315664294
      },
      "micro_minus_macro_gap": {
        "mrr": -0.163867661702,
        "hits_at_1": -0.16774012786694054,
        "hits_at_3": -0.1759909265611696,
        "hits_at_5": -0.16441268518382335,
        "hits_at_10": -0.14664632372194653,
        "hits_at_20": -0.13186685261131537
      }
    },
    "both": {
      "micro": {
        "mrr": 0.394335530439197,
        "mean_rank": 106.48102158449841,
        "n": 16308,
        "hits_at_1": 0.29660289428501346,
        "hits_at_3": 0.4336521952415992,
        "hits_at_5": 0.501532989943586,
        "hits_at_10": 0.5918567574196714,
        "hits_at_20": 0.6739636987981359
      },
      "macro": {
        "mrr": 0.47403401839743353,
        "n_groups": 1254,
        "hits_at_1": 0.38280404561929043,
        "hits_at_3": 0.5167027665126538,
        "hits_at_5": 0.5759218406887786,
        "hits_at_10": 0.6533754146886654,
        "hits_at_20": 0.7249983420241123
      },
      "micro_minus_macro_gap": {
        "mrr": -0.07969848795823653,
        "hits_at_1": -0.08620115133427697,
        "hits_at_3": -0.08305057127105459,
        "hits_at_5": -0.07438885074519264,
        "hits_at_10": -0.06151865726899408,
        "hits_at_20": -0.051034643225976395
      }
    },
    "both_mrr_ci95": [
      0.3880528837893676,
      0.400946733926925
    ],
    "protocol": "full ranking over same-type candidate pool, filtered (train+valid+test), realistic rank; tail grouped by head, head grouped by tail",
    "both_mean_reciprocal_rank": 0.394335530439197,
    "both_hits_at_1": 0.29660289428501346,
    "both_hits_at_3": 0.4336521952415992,
    "both_hits_at_5": 0.501532989943586,
    "both_hits_at_10": 0.5918567574196714,
    "both_hits_at_20": 0.6739636987981359
  },
  "stratified_note": "recompute tax-layer strata offline from raw + cold_microbe_tax_proximity.tsv"
}