{
  "task": "task4",
  "model": "CN",
  "setting": "A",
  "seed": 42,
  "model_type": "structural",
  "num_train": 3685604,
  "ranking": {
    "tail": {
      "micro": {
        "mrr": 0.04663772467873398,
        "mean_rank": 332.81240063593003,
        "n": 629,
        "hits_at_1": 0.012718600953895072,
        "hits_at_3": 0.04292527821939587,
        "hits_at_5": 0.06200317965023847,
        "hits_at_10": 0.09220985691573927,
        "hits_at_20": 0.17488076311605724
      },
      "macro": {
        "mrr": 0.035453977461282676,
        "n_groups": 265,
        "hits_at_1": 0.006356599375467299,
        "hits_at_3": 0.02679261668162889,
        "hits_at_5": 0.04669078978734917,
        "hits_at_10": 0.07589599388156545,
        "hits_at_20": 0.16862459959574275
      },
      "micro_minus_macro_gap": {
        "mrr": 0.0111837472174513,
        "hits_at_1": 0.0063620015784277735,
        "hits_at_3": 0.016132661537766976,
        "hits_at_5": 0.015312389862889304,
        "hits_at_10": 0.016313863034173814,
        "hits_at_20": 0.006256163520314495
      }
    },
    "head": {
      "micro": {
        "mrr": 0.053412747655046056,
        "mean_rank": 153.02384737678855,
        "n": 629,
        "hits_at_1": 0.01589825119236884,
        "hits_at_3": 0.04292527821939587,
        "hits_at_5": 0.057233704292527825,
        "hits_at_10": 0.09220985691573927,
        "hits_at_20": 0.19236883942766295
      },
      "macro": {
        "mrr": 0.058451926099693685,
        "n_groups": 392,
        "hits_at_1": 0.018494897959183673,
        "hits_at_3": 0.050255102040816325,
        "hits_at_5": 0.06662414965986395,
        "hits_at_10": 0.10497448979591836,
        "hits_at_20": 0.2145408163265306
      },
      "micro_minus_macro_gap": {
        "mrr": -0.0050391784446476295,
        "hits_at_1": -0.002596646766814835,
        "hits_at_3": -0.007329823821420459,
        "hits_at_5": -0.009390445367336124,
        "hits_at_10": -0.012764632880179094,
        "hits_at_20": -0.022171976898867657
      }
    },
    "both": {
      "micro": {
        "mrr": 0.050025236166890016,
        "mean_rank": 242.9181240063593,
        "n": 1258,
        "hits_at_1": 0.014308426073131956,
        "hits_at_3": 0.04292527821939587,
        "hits_at_5": 0.05961844197138315,
        "hits_at_10": 0.09220985691573927,
        "hits_at_20": 0.1836248012718601
      },
      "macro": {
        "mrr": 0.049175736770654226,
        "n_groups": 657,
        "hits_at_1": 0.013598932777014967,
        "hits_at_3": 0.04079154249715625,
        "hits_at_5": 0.058584057778256,
        "hits_at_10": 0.09324572051539551,
        "hits_at_20": 0.1960205767014792
      },
      "micro_minus_macro_gap": {
        "mrr": 0.0008494993962357908,
        "hits_at_1": 0.0007094932961169888,
        "hits_at_3": 0.00213373572223962,
        "hits_at_5": 0.0010343841931271455,
        "hits_at_10": -0.0010358635996562393,
        "hits_at_20": -0.012395775429619116
      }
    },
    "both_mrr_ci95": [
      0.0422410638352257,
      0.058197870071686274
    ],
    "protocol": "full ranking over same-type candidate pool, filtered (train+valid+test), realistic rank; tail grouped by head, head grouped by tail",
    "both_mean_reciprocal_rank": 0.050025236166890016,
    "both_hits_at_1": 0.014308426073131956,
    "both_hits_at_3": 0.04292527821939587,
    "both_hits_at_5": 0.05961844197138315,
    "both_hits_at_10": 0.09220985691573927,
    "both_hits_at_20": 0.1836248012718601
  },
  "num_test_eval": 629,
  "num_test_oov": 0,
  "hardneg_auroc": {
    "num_pos": 629,
    "num_neg": 6290,
    "prevalence_floor": 0.09090909090909091,
    "auprc": 0.10801192643534369,
    "auprc_ci95": [
      0.10086022209886483,
      0.11799674060928997
    ],
    "auprc_over_floor": 1.1881311907887806,
    "auroc": 0.5686590874049959,
    "auroc_ci95": [
      0.5459827217098329,
      0.5913057607780792
    ],
    "auroc_floor": 0.5,
    "fpr_at_median_pos": 0.5691573926868044,
    "scoring_relation": "structural",
    "neg_ratio": 10
  },
  "early_stopping": null,
  "elapsed_sec": 22.3
}