{
  "task": "task4",
  "model": "CN",
  "setting": "C",
  "seed": 42,
  "model_type": "structural",
  "num_train": 3679906,
  "ranking": {
    "tail": {
      "micro": {
        "mrr": 0.042535974633540516,
        "mean_rank": 421.9392764857881,
        "n": 1161,
        "hits_at_1": 0.01636520241171404,
        "hits_at_3": 0.03617571059431524,
        "hits_at_5": 0.05167958656330749,
        "hits_at_10": 0.08010335917312661,
        "hits_at_20": 0.12058570198105081
      },
      "macro": {
        "mrr": 0.0448360555684831,
        "n_groups": 117,
        "hits_at_1": 0.01731916871586434,
        "hits_at_3": 0.042930922448356494,
        "hits_at_5": 0.04921043371356178,
        "hits_at_10": 0.0887792069271169,
        "hits_at_20": 0.1151118350754947
      },
      "micro_minus_macro_gap": {
        "mrr": -0.0023000809349425846,
        "hits_at_1": -0.0009539663041502992,
        "hits_at_3": -0.0067552118540412515,
        "hits_at_5": 0.0024691528497457135,
        "hits_at_10": -0.008675847753990287,
        "hits_at_20": 0.00547386690555611
      }
    },
    "head": {
      "micro": {
        "mrr": 0.02017109564421971,
        "mean_rank": 194.3548664944014,
        "n": 1161,
        "hits_at_1": 0.0,
        "hits_at_3": 0.0034453057708871662,
        "hits_at_5": 0.015503875968992248,
        "hits_at_10": 0.041343669250646,
        "hits_at_20": 0.10766580534022395
      },
      "macro": {
        "mrr": 0.020053174485452952,
        "n_groups": 608,
        "hits_at_1": 0.0,
        "hits_at_3": 0.004660087719298245,
        "hits_at_5": 0.020177396616541353,
        "hits_at_10": 0.047448599463402095,
        "hits_at_20": 0.10616635739991002
      },
      "micro_minus_macro_gap": {
        "mrr": 0.00011792115876675668,
        "hits_at_1": 0.0,
        "hits_at_3": -0.0012147819484110791,
        "hits_at_5": -0.004673520647549105,
        "hits_at_10": -0.006104930212756099,
        "hits_at_20": 0.001499447940313925
      }
    },
    "both": {
      "micro": {
        "mrr": 0.03135353513888012,
        "mean_rank": 308.14707149009473,
        "n": 2322,
        "hits_at_1": 0.00818260120585702,
        "hits_at_3": 0.019810508182601206,
        "hits_at_5": 0.03359173126614987,
        "hits_at_10": 0.060723514211886306,
        "hits_at_20": 0.11412575366063739
      },
      "macro": {
        "mrr": 0.024052618742990226,
        "n_groups": 725,
        "hits_at_1": 0.0027949555031119002,
        "hits_at_3": 0.010836208634194542,
        "hits_at_5": 0.0248627281204743,
        "hits_at_10": 0.05411850439202918,
        "hits_at_20": 0.10760997241790093
      },
      "micro_minus_macro_gap": {
        "mrr": 0.007300916395889891,
        "hits_at_1": 0.00538764570274512,
        "hits_at_3": 0.008974299548406664,
        "hits_at_5": 0.008729003145675571,
        "hits_at_10": 0.006605009819857129,
        "hits_at_20": 0.006515781242736454
      }
    },
    "both_mrr_ci95": [
      0.027274727674351778,
      0.03611315522346825
    ],
    "protocol": "full ranking over same-type candidate pool, filtered (train+valid+test), realistic rank; tail grouped by head, head grouped by tail",
    "both_mean_reciprocal_rank": 0.03135353513888012,
    "both_hits_at_1": 0.00818260120585702,
    "both_hits_at_3": 0.019810508182601206,
    "both_hits_at_5": 0.03359173126614987,
    "both_hits_at_10": 0.060723514211886306,
    "both_hits_at_20": 0.11412575366063739
  },
  "num_test_eval": 1161,
  "num_test_oov": 2,
  "hardneg_auroc": {
    "num_pos": 1161,
    "num_neg": 11630,
    "prevalence_floor": 0.09076694550856071,
    "auprc": 0.08957856534987513,
    "auprc_ci95": [
      0.0864922521546975,
      0.09392950746408364
    ],
    "auprc_over_floor": 0.986907346589365,
    "auroc": 0.48115831742878873,
    "auroc_ci95": [
      0.46521239325069635,
      0.4987281317140692
    ],
    "auroc_floor": 0.5,
    "fpr_at_median_pos": 0.5726569217540842,
    "scoring_relation": "structural",
    "neg_ratio": 10
  },
  "chemical_class_stratification": "TODO (needs ChEBI/ClassyFire, see split dir)",
  "early_stopping": null,
  "elapsed_sec": 46.1
}