{
  "task": "task4",
  "model": "ComplEx",
  "setting": "B",
  "seed": 42,
  "model_type": "kge",
  "num_train": 3679941,
  "hardneg_auroc": {
    "num_pos": 6279,
    "num_neg": 62850,
    "prevalence_floor": 0.09083018704161784,
    "auprc": 0.1795679416332295,
    "auprc_ci95": [
      0.17452578137674635,
      0.18528416093808667
    ],
    "auprc_over_floor": 1.9769632484732478,
    "auroc": 0.6990379607594508,
    "auroc_ci95": [
      0.6919783661566893,
      0.7060477528420872
    ],
    "auroc_floor": 0.5,
    "fpr_at_median_pos": 0.19067621320604614,
    "scoring_relation": "associated_with_disease",
    "neg_ratio": 10
  },
  "early_stopping": {
    "stopped_early": false,
    "best_epoch": 195,
    "best_metric": 0.41723063588142395
  },
  "elapsed_sec": 7827.9
}