{
  "task": "task4",
  "model": "ComplEx",
  "setting": "C",
  "seed": 42,
  "model_type": "kge",
  "num_train": 3679906,
  "ranking": {
    "tail": {
      "micro": {
        "mrr": 0.027362352400745603,
        "mean_rank": 416.85874246339364,
        "n": 1161,
        "hits_at_1": 0.009474590869939707,
        "hits_at_3": 0.01808785529715762,
        "hits_at_5": 0.031007751937984496,
        "hits_at_10": 0.053402239448751075,
        "hits_at_20": 0.08010335917312661
      },
      "macro": {
        "mrr": 0.028604399225606335,
        "n_groups": 117,
        "hits_at_1": 0.012013632382945156,
        "hits_at_3": 0.0202364589075942,
        "hits_at_5": 0.026133418382387055,
        "hits_at_10": 0.06525012540441284,
        "hits_at_20": 0.08171271847221026
      },
      "micro_minus_macro_gap": {
        "mrr": -0.001242046824860732,
        "hits_at_1": -0.0025390415130054494,
        "hits_at_3": -0.0021486036104365787,
        "hits_at_5": 0.004874333555597441,
        "hits_at_10": -0.011847885955661767,
        "hits_at_20": -0.0016093592990836514
      }
    },
    "head": {
      "micro": {
        "mrr": 0.016176449725127787,
        "mean_rank": 278.0198105081826,
        "n": 1161,
        "hits_at_1": 0.0017226528854435831,
        "hits_at_3": 0.009474590869939707,
        "hits_at_5": 0.015503875968992248,
        "hits_at_10": 0.030146425495262703,
        "hits_at_20": 0.059431524547803614
      },
      "macro": {
        "mrr": 0.014029287143903349,
        "n_groups": 608,
        "hits_at_1": 0.0008223684210526315,
        "hits_at_3": 0.006324404761904761,
        "hits_at_5": 0.012041823308270676,
        "hits_at_10": 0.029068724586816686,
        "hits_at_20": 0.056406500115381696
      },
      "micro_minus_macro_gap": {
        "mrr": 0.0021471625812244377,
        "hits_at_1": 0.0009002844643909516,
        "hits_at_3": 0.0031501861080349457,
        "hits_at_5": 0.0034620526607215714,
        "hits_at_10": 0.0010777009084460172,
        "hits_at_20": 0.003025024432421919
      }
    },
    "both": {
      "micro": {
        "mrr": 0.021769401062936698,
        "mean_rank": 347.4392764857881,
        "n": 2322,
        "hits_at_1": 0.005598621877691645,
        "hits_at_3": 0.013781223083548665,
        "hits_at_5": 0.023255813953488372,
        "hits_at_10": 0.04177433247200689,
        "hits_at_20": 0.06976744186046512
      },
      "macro": {
        "mrr": 0.01638140867984714,
        "n_groups": 725,
        "hits_at_1": 0.00262840688110977,
        "hits_at_3": 0.008569522465416021,
        "hits_at_5": 0.014315915202990147,
        "hits_at_10": 0.03490765409807014,
        "hits_at_20": 0.060490400181242306
      },
      "micro_minus_macro_gap": {
        "mrr": 0.005387992383089558,
        "hits_at_1": 0.002970214996581875,
        "hits_at_3": 0.005211700618132644,
        "hits_at_5": 0.008939898750498224,
        "hits_at_10": 0.006866678373936751,
        "hits_at_20": 0.00927704167922281
      }
    },
    "both_mrr_ci95": [
      0.01830035239185201,
      0.02539431211234247
    ],
    "protocol": "full ranking over same-type candidate pool, filtered (train+valid+test), realistic rank; tail grouped by head, head grouped by tail",
    "both_mean_reciprocal_rank": 0.021769401062936698,
    "both_hits_at_1": 0.005598621877691645,
    "both_hits_at_3": 0.013781223083548665,
    "both_hits_at_5": 0.023255813953488372,
    "both_hits_at_10": 0.04177433247200689,
    "both_hits_at_20": 0.06976744186046512
  },
  "num_test_eval": 1161,
  "num_test_oov": 2,
  "hardneg_auroc": {
    "num_pos": 1161,
    "num_neg": 11630,
    "prevalence_floor": 0.09076694550856071,
    "auprc": 0.12059925104379253,
    "auprc_ci95": [
      0.11189475036639432,
      0.13422046732506526
    ],
    "auprc_over_floor": 1.328669267959647,
    "auroc": 0.5269823283660793,
    "auroc_ci95": [
      0.5087630967166651,
      0.546533296228901
    ],
    "auroc_floor": 0.5,
    "fpr_at_median_pos": 0.5330180567497851,
    "scoring_relation": "treats_disease",
    "neg_ratio": 10
  },
  "chemical_class_stratification": "TODO (needs ChEBI/ClassyFire, see split dir)",
  "early_stopping": {
    "stopped_early": true,
    "best_epoch": 150,
    "best_metric": 0.01190759614109993
  },
  "elapsed_sec": 7474.8
}