{
  "task": "task4",
  "model": "ComplEx",
  "setting": "A",
  "seed": 42,
  "model_type": "kge",
  "num_train": 3685604,
  "ranking": {
    "tail": {
      "micro": {
        "mrr": 0.05572885263029823,
        "mean_rank": 284.329093799682,
        "n": 629,
        "hits_at_1": 0.019077901430842606,
        "hits_at_3": 0.0492845786963434,
        "hits_at_5": 0.06677265500794913,
        "hits_at_10": 0.1271860095389507,
        "hits_at_20": 0.17647058823529413
      },
      "macro": {
        "mrr": 0.051183883384952916,
        "n_groups": 265,
        "hits_at_1": 0.01830188679245283,
        "hits_at_3": 0.04174607363286608,
        "hits_at_5": 0.055762246139604635,
        "hits_at_10": 0.11139015380968767,
        "hits_at_20": 0.15828133021251778
      },
      "micro_minus_macro_gap": {
        "mrr": 0.004544969245345316,
        "hits_at_1": 0.000776014638389777,
        "hits_at_3": 0.0075385050634773215,
        "hits_at_5": 0.011010408868344493,
        "hits_at_10": 0.015795855729263036,
        "hits_at_20": 0.01818925802277635
      }
    },
    "head": {
      "micro": {
        "mrr": 0.08766367017352081,
        "mean_rank": 110.67726550079492,
        "n": 629,
        "hits_at_1": 0.03179650238473768,
        "hits_at_3": 0.08585055643879173,
        "hits_at_5": 0.11446740858505565,
        "hits_at_10": 0.19236883942766295,
        "hits_at_20": 0.29411764705882354
      },
      "macro": {
        "mrr": 0.10059667145479635,
        "n_groups": 392,
        "hits_at_1": 0.03975340136054421,
        "hits_at_3": 0.10846088435374149,
        "hits_at_5": 0.13767006802721088,
        "hits_at_10": 0.2147959183673469,
        "hits_at_20": 0.2978883219954649
      },
      "micro_minus_macro_gap": {
        "mrr": -0.012933001281275544,
        "hits_at_1": -0.007956898975806537,
        "hits_at_3": -0.022610327914949754,
        "hits_at_5": -0.02320265944215523,
        "hits_at_10": -0.02242707893968396,
        "hits_at_20": -0.0037706749366413495
      }
    },
    "both": {
      "micro": {
        "mrr": 0.07169626140190952,
        "mean_rank": 197.50317965023848,
        "n": 1258,
        "hits_at_1": 0.025437201907790145,
        "hits_at_3": 0.06756756756756757,
        "hits_at_5": 0.09062003179650238,
        "hits_at_10": 0.15977742448330684,
        "hits_at_20": 0.23529411764705882
      },
      "macro": {
        "mrr": 0.08066609483606194,
        "n_groups": 657,
        "hits_at_1": 0.031100963977676307,
        "hits_at_3": 0.08155156191685871,
        "hits_at_5": 0.10463266650481262,
        "hits_at_10": 0.17308735275428802,
        "hits_at_20": 0.24157804372684846
      },
      "micro_minus_macro_gap": {
        "mrr": -0.008969833434152419,
        "hits_at_1": -0.005663762069886162,
        "hits_at_3": -0.013983994349291137,
        "hits_at_5": -0.01401263470831024,
        "hits_at_10": -0.01330992827098118,
        "hits_at_20": -0.006283926079789642
      }
    },
    "both_mrr_ci95": [
      0.06215888495781305,
      0.08188206145180565
    ],
    "protocol": "full ranking over same-type candidate pool, filtered (train+valid+test), realistic rank; tail grouped by head, head grouped by tail",
    "both_mean_reciprocal_rank": 0.07169626140190952,
    "both_hits_at_1": 0.025437201907790145,
    "both_hits_at_3": 0.06756756756756757,
    "both_hits_at_5": 0.09062003179650238,
    "both_hits_at_10": 0.15977742448330684,
    "both_hits_at_20": 0.23529411764705882
  },
  "num_test_eval": 629,
  "num_test_oov": 0,
  "hardneg_auroc": {
    "num_pos": 629,
    "num_neg": 6290,
    "prevalence_floor": 0.09090909090909091,
    "auprc": 0.5167646379893734,
    "auprc_ci95": [
      0.4773611587433153,
      0.5602773380062116
    ],
    "auprc_over_floor": 5.684411017883107,
    "auroc": 0.856702920071479,
    "auroc_ci95": [
      0.8394491470803076,
      0.8737776102577842
    ],
    "auroc_floor": 0.5,
    "fpr_at_median_pos": 0.03052464228934817,
    "scoring_relation": "treats_disease",
    "neg_ratio": 10
  },
  "early_stopping": {
    "stopped_early": false,
    "best_epoch": 175,
    "best_metric": 0.06766670942306519
  },
  "elapsed_sec": 6001.0
}