{
  "task": "task4",
  "model": "DistMult",
  "setting": "C",
  "seed": 42,
  "model_type": "kge",
  "num_train": 3679906,
  "ranking": {
    "tail": {
      "micro": {
        "mrr": 0.0232665797696742,
        "mean_rank": 382.54091300602926,
        "n": 1161,
        "hits_at_1": 0.0017226528854435831,
        "hits_at_3": 0.015503875968992248,
        "hits_at_5": 0.026701119724375538,
        "hits_at_10": 0.04909560723514212,
        "hits_at_20": 0.09732988802756244
      },
      "macro": {
        "mrr": 0.020150006106568634,
        "n_groups": 117,
        "hits_at_1": 0.00104679271345938,
        "hits_at_3": 0.011396072391232706,
        "hits_at_5": 0.025550813754679172,
        "hits_at_10": 0.042095158977473714,
        "hits_at_20": 0.07186276012067967
      },
      "micro_minus_macro_gap": {
        "mrr": 0.0031165736631055645,
        "hits_at_1": 0.000675860171984203,
        "hits_at_3": 0.004107803577759542,
        "hits_at_5": 0.0011503059696963656,
        "hits_at_10": 0.007000448257668407,
        "hits_at_20": 0.02546712790688277
      }
    },
    "head": {
      "micro": {
        "mrr": 0.0033172461346810695,
        "mean_rank": 355.1085271317829,
        "n": 1161,
        "hits_at_1": 0.0,
        "hits_at_3": 0.0,
        "hits_at_5": 0.0,
        "hits_at_10": 0.0,
        "hits_at_20": 0.0008613264427217916
      },
      "macro": {
        "mrr": 0.0034492797435978664,
        "n_groups": 608,
        "hits_at_1": 0.0,
        "hits_at_3": 0.0,
        "hits_at_5": 0.0,
        "hits_at_10": 0.0,
        "hits_at_20": 0.001644736842105263
      },
      "micro_minus_macro_gap": {
        "mrr": -0.0001320336089167969,
        "hits_at_1": 0.0,
        "hits_at_3": 0.0,
        "hits_at_5": 0.0,
        "hits_at_10": 0.0,
        "hits_at_20": -0.0007834103993834715
      }
    },
    "both": {
      "micro": {
        "mrr": 0.013291912952177633,
        "mean_rank": 368.8247200689061,
        "n": 2322,
        "hits_at_1": 0.0008613264427217916,
        "hits_at_3": 0.007751937984496124,
        "hits_at_5": 0.013350559862187769,
        "hits_at_10": 0.02454780361757106,
        "hits_at_20": 0.04909560723514212
      },
      "macro": {
        "mrr": 0.006144431446311769,
        "n_groups": 725,
        "hits_at_1": 0.00016893068617206548,
        "hits_at_3": 0.0018390903031368642,
        "hits_at_5": 0.004123372702479261,
        "hits_at_10": 0.006793287724640586,
        "hits_at_20": 0.012976473012578656
      },
      "micro_minus_macro_gap": {
        "mrr": 0.007147481505865864,
        "hits_at_1": 0.000692395756549726,
        "hits_at_3": 0.0059128476813592595,
        "hits_at_5": 0.009227187159708508,
        "hits_at_10": 0.017754515892930475,
        "hits_at_20": 0.036119134222563465
      }
    },
    "both_mrr_ci95": [
      0.011321802534909487,
      0.015605665526028123
    ],
    "protocol": "full ranking over same-type candidate pool, filtered (train+valid+test), realistic rank; tail grouped by head, head grouped by tail",
    "both_mean_reciprocal_rank": 0.013291912952177633,
    "both_hits_at_1": 0.0008613264427217916,
    "both_hits_at_3": 0.007751937984496124,
    "both_hits_at_5": 0.013350559862187769,
    "both_hits_at_10": 0.02454780361757106,
    "both_hits_at_20": 0.04909560723514212
  },
  "num_test_eval": 1161,
  "num_test_oov": 2,
  "hardneg_auroc": {
    "num_pos": 1161,
    "num_neg": 11630,
    "prevalence_floor": 0.09076694550856071,
    "auprc": 0.31601263419479847,
    "auprc_ci95": [
      0.2982638939230351,
      0.33580480119642814
    ],
    "auprc_over_floor": 3.481582776904106,
    "auroc": 0.7762646427346782,
    "auroc_ci95": [
      0.7571034510084482,
      0.7947832593836813
    ],
    "auroc_floor": 0.5,
    "fpr_at_median_pos": 0.057265692175408424,
    "scoring_relation": "treats_disease",
    "neg_ratio": 10
  },
  "chemical_class_stratification": "TODO (needs ChEBI/ClassyFire, see split dir)",
  "early_stopping": {
    "stopped_early": true,
    "best_epoch": 45,
    "best_metric": 0.010435554198920727
  },
  "elapsed_sec": 1610.6
}