{
  "task": "task4",
  "model": "DistMult",
  "setting": "A",
  "seed": 42,
  "model_type": "kge",
  "num_train": 3685604,
  "ranking": {
    "tail": {
      "micro": {
        "mrr": 0.03382403002060824,
        "mean_rank": 425.3259141494436,
        "n": 629,
        "hits_at_1": 0.011128775834658187,
        "hits_at_3": 0.025437201907790145,
        "hits_at_5": 0.03656597774244833,
        "hits_at_10": 0.06200317965023847,
        "hits_at_20": 0.12400635930047695
      },
      "macro": {
        "mrr": 0.03143961001564011,
        "n_groups": 265,
        "hits_at_1": 0.01270440251572327,
        "hits_at_3": 0.022425876010781668,
        "hits_at_5": 0.03277904485451655,
        "hits_at_10": 0.05581336162912189,
        "hits_at_20": 0.1038765100973758
      },
      "micro_minus_macro_gap": {
        "mrr": 0.0023844200049681352,
        "hits_at_1": -0.001575626681065083,
        "hits_at_3": 0.0030113258970084766,
        "hits_at_5": 0.0037869328879317835,
        "hits_at_10": 0.00618981802111658,
        "hits_at_20": 0.020129849203101152
      }
    },
    "head": {
      "micro": {
        "mrr": 0.0510059825607272,
        "mean_rank": 141.9141494435612,
        "n": 629,
        "hits_at_1": 0.014308426073131956,
        "hits_at_3": 0.03179650238473768,
        "hits_at_5": 0.058823529411764705,
        "hits_at_10": 0.12082670906200318,
        "hits_at_20": 0.21303656597774245
      },
      "macro": {
        "mrr": 0.05529579007562766,
        "n_groups": 392,
        "hits_at_1": 0.01488095238095238,
        "hits_at_3": 0.03835034013605442,
        "hits_at_5": 0.0675595238095238,
        "hits_at_10": 0.12611961451247164,
        "hits_at_20": 0.22491496598639457
      },
      "micro_minus_macro_gap": {
        "mrr": -0.004289807514900462,
        "hits_at_1": -0.000572526307820424,
        "hits_at_3": -0.006553837751316745,
        "hits_at_5": -0.0087359943977591,
        "hits_at_10": -0.005292905450468455,
        "hits_at_20": -0.011878400008652118
      }
    },
    "both": {
      "micro": {
        "mrr": 0.04241500629066771,
        "mean_rank": 283.62003179650236,
        "n": 1258,
        "hits_at_1": 0.012718600953895072,
        "hits_at_3": 0.028616852146263912,
        "hits_at_5": 0.04769475357710652,
        "hits_at_10": 0.09141494435612083,
        "hits_at_20": 0.1685214626391097
      },
      "macro": {
        "mrr": 0.04567343434366922,
        "n_groups": 657,
        "hits_at_1": 0.01400304414003044,
        "hits_at_3": 0.03192723055736754,
        "hits_at_5": 0.05353086791442956,
        "hits_at_10": 0.09776168907245995,
        "hits_at_20": 0.17609427982111303
      },
      "micro_minus_macro_gap": {
        "mrr": -0.0032584280530015067,
        "hits_at_1": -0.0012844431861353672,
        "hits_at_3": -0.0033103784111036295,
        "hits_at_5": -0.005836114337323041,
        "hits_at_10": -0.006346744716339128,
        "hits_at_20": -0.0075728171820033385
      }
    },
    "both_mrr_ci95": [
      0.03574873387108385,
      0.049624554450388485
    ],
    "protocol": "full ranking over same-type candidate pool, filtered (train+valid+test), realistic rank; tail grouped by head, head grouped by tail",
    "both_mean_reciprocal_rank": 0.04241500629066771,
    "both_hits_at_1": 0.012718600953895072,
    "both_hits_at_3": 0.028616852146263912,
    "both_hits_at_5": 0.04769475357710652,
    "both_hits_at_10": 0.09141494435612083,
    "both_hits_at_20": 0.1685214626391097
  },
  "num_test_eval": 629,
  "num_test_oov": 0,
  "hardneg_auroc": {
    "num_pos": 629,
    "num_neg": 6290,
    "prevalence_floor": 0.09090909090909091,
    "auprc": 0.6128219014402975,
    "auprc_ci95": [
      0.5763860040636162,
      0.6535540901915915
    ],
    "auprc_over_floor": 6.741040915843272,
    "auroc": 0.9553807618522852,
    "auroc_ci95": [
      0.9474954377832429,
      0.9630727730442498
    ],
    "auroc_floor": 0.5,
    "fpr_at_median_pos": 0.029570747217806042,
    "scoring_relation": "treats_disease",
    "neg_ratio": 10
  },
  "early_stopping": {
    "stopped_early": true,
    "best_epoch": 45,
    "best_metric": 0.04248839616775513
  },
  "elapsed_sec": 1039.8
}