{
  "task": "task4",
  "model": "L3",
  "setting": "A",
  "seed": 42,
  "model_type": "structural",
  "num_train": 3685604,
  "ranking": {
    "tail": {
      "micro": {
        "mrr": 0.04781431561074021,
        "mean_rank": 304.9992050874404,
        "n": 629,
        "hits_at_1": 0.02066772655007949,
        "hits_at_3": 0.046104928457869634,
        "hits_at_5": 0.06200317965023847,
        "hits_at_10": 0.08267090620031796,
        "hits_at_20": 0.1192368839427663
      },
      "macro": {
        "mrr": 0.05830858104376312,
        "n_groups": 265,
        "hits_at_1": 0.025824866956942426,
        "hits_at_3": 0.062417149381633286,
        "hits_at_5": 0.08112969100205504,
        "hits_at_10": 0.0983208190255915,
        "hits_at_20": 0.12836125029243786
      },
      "micro_minus_macro_gap": {
        "mrr": -0.010494265433022912,
        "hits_at_1": -0.005157140406862937,
        "hits_at_3": -0.01631222092376365,
        "hits_at_5": -0.019126511351816568,
        "hits_at_10": -0.015649912825273546,
        "hits_at_20": -0.009124366349671564
      }
    },
    "head": {
      "micro": {
        "mrr": 0.04620794307820805,
        "mean_rank": 129.70111287758345,
        "n": 629,
        "hits_at_1": 0.01589825119236884,
        "hits_at_3": 0.03656597774244833,
        "hits_at_5": 0.05246422893481717,
        "hits_at_10": 0.0794912559618442,
        "hits_at_20": 0.14149443561208266
      },
      "macro": {
        "mrr": 0.05774247541875238,
        "n_groups": 392,
        "hits_at_1": 0.021896258503401357,
        "hits_at_3": 0.04749149659863946,
        "hits_at_5": 0.07045068027210885,
        "hits_at_10": 0.10085034013605441,
        "hits_at_20": 0.18269557823129254
      },
      "micro_minus_macro_gap": {
        "mrr": -0.011534532340544329,
        "hits_at_1": -0.005998007311032519,
        "hits_at_3": -0.010925518856191127,
        "hits_at_5": -0.01798645133729168,
        "hits_at_10": -0.021359084174210216,
        "hits_at_20": -0.041201142619209874
      }
    },
    "both": {
      "micro": {
        "mrr": 0.047011129344474135,
        "mean_rank": 217.3501589825119,
        "n": 1258,
        "hits_at_1": 0.018282988871224166,
        "hits_at_3": 0.04133545310015898,
        "hits_at_5": 0.057233704292527825,
        "hits_at_10": 0.08108108108108109,
        "hits_at_20": 0.13036565977742448
      },
      "macro": {
        "mrr": 0.057970813304030686,
        "n_groups": 657,
        "hits_at_1": 0.02348085704250088,
        "hits_at_3": 0.053511737066665885,
        "hits_at_5": 0.07475804380854072,
        "hits_at_10": 0.09983006145375203,
        "hits_at_20": 0.16077990562277425
      },
      "micro_minus_macro_gap": {
        "mrr": -0.01095968395955655,
        "hits_at_1": -0.005197868171276713,
        "hits_at_3": -0.012176283966506905,
        "hits_at_5": -0.017524339516012892,
        "hits_at_10": -0.018748980372670948,
        "hits_at_20": -0.03041424584534977
      }
    },
    "both_mrr_ci95": [
      0.03941313429082464,
      0.0561072257474102
    ],
    "protocol": "full ranking over same-type candidate pool, filtered (train+valid+test), realistic rank; tail grouped by head, head grouped by tail",
    "both_mean_reciprocal_rank": 0.047011129344474135,
    "both_hits_at_1": 0.018282988871224166,
    "both_hits_at_3": 0.04133545310015898,
    "both_hits_at_5": 0.057233704292527825,
    "both_hits_at_10": 0.08108108108108109,
    "both_hits_at_20": 0.13036565977742448
  },
  "num_test_eval": 629,
  "num_test_oov": 0,
  "hardneg_auroc": {
    "num_pos": 629,
    "num_neg": 6290,
    "prevalence_floor": 0.09090909090909091,
    "auprc": 0.04738161779636491,
    "auprc_ci95": [
      0.0473815825933189,
      0.04754186511524651
    ],
    "auprc_over_floor": 0.521197795760014,
    "auroc": 0.02173156978169603,
    "auroc_ci95": [
      0.018252272893860846,
      0.025557809984303955
    ],
    "auroc_floor": 0.5,
    "fpr_at_median_pos": 0.9895071542130366,
    "scoring_relation": "structural",
    "neg_ratio": 10
  },
  "early_stopping": null,
  "elapsed_sec": 102.1
}