{
  "task": "task4",
  "model": "L3",
  "setting": "B",
  "seed": 42,
  "model_type": "structural",
  "num_train": 3679941,
  "hardneg_auroc": {
    "num_pos": 6279,
    "num_neg": 62850,
    "prevalence_floor": 0.09083018704161784,
    "auprc": 0.047162366002112696,
    "auprc_ci95": [
      0.04714108936431097,
      0.04722444070864785
    ],
    "auprc_over_floor": 0.5192366936391223,
    "auroc": 0.01556341091258597,
    "auroc_ci95": [
      0.01403747841518932,
      0.01714682384475889
    ],
    "auroc_floor": 0.5,
    "fpr_at_median_pos": 0.9994749403341289,
    "scoring_relation": "structural",
    "neg_ratio": 10
  },
  "early_stopping": null,
  "elapsed_sec": 1253.7
}