{
  "task": "task4",
  "model": "L3",
  "setting": "C",
  "seed": 42,
  "model_type": "structural",
  "num_train": 3679906,
  "ranking": {
    "tail": {
      "micro": {
        "mrr": 0.04521193995371813,
        "mean_rank": 334.11197243755385,
        "n": 1161,
        "hits_at_1": 0.01636520241171404,
        "hits_at_3": 0.040482342807924204,
        "hits_at_5": 0.05598621877691645,
        "hits_at_10": 0.09388458225667529,
        "hits_at_20": 0.13867355727820843
      },
      "macro": {
        "mrr": 0.05664532579389051,
        "n_groups": 117,
        "hits_at_1": 0.02602344903765093,
        "hits_at_3": 0.05869354138489,
        "hits_at_5": 0.06862004120845137,
        "hits_at_10": 0.10124533863567883,
        "hits_at_20": 0.15093376567186184
      },
      "micro_minus_macro_gap": {
        "mrr": -0.01143338584017238,
        "hits_at_1": -0.009658246625936891,
        "hits_at_3": -0.018211198576965792,
        "hits_at_5": -0.012633822431534922,
        "hits_at_10": -0.007360756379003547,
        "hits_at_20": -0.01226020839365341
      }
    },
    "head": {
      "micro": {
        "mrr": 0.008029771837456554,
        "mean_rank": 274.54134366925064,
        "n": 1161,
        "hits_at_1": 0.0,
        "hits_at_3": 0.0,
        "hits_at_5": 0.0,
        "hits_at_10": 0.0034453057708871662,
        "hits_at_20": 0.026701119724375538
      },
      "macro": {
        "mrr": 0.009008817919158661,
        "n_groups": 608,
        "hits_at_1": 0.0,
        "hits_at_3": 0.0,
        "hits_at_5": 0.0,
        "hits_at_10": 0.005756578947368421,
        "hits_at_20": 0.03920151942355889
      },
      "micro_minus_macro_gap": {
        "mrr": -0.0009790460817021077,
        "hits_at_1": 0.0,
        "hits_at_3": 0.0,
        "hits_at_5": 0.0,
        "hits_at_10": -0.0023112731764812545,
        "hits_at_20": -0.012500399699183356
      }
    },
    "both": {
      "micro": {
        "mrr": 0.026620855895587346,
        "mean_rank": 304.32665805340224,
        "n": 2322,
        "hits_at_1": 0.00818260120585702,
        "hits_at_3": 0.020241171403962102,
        "hits_at_5": 0.027993109388458226,
        "hits_at_10": 0.04866494401378122,
        "hits_at_20": 0.082687338501292
      },
      "macro": {
        "mrr": 0.016696364707218834,
        "n_groups": 725,
        "hits_at_1": 0.004199646258489875,
        "hits_at_3": 0.009471923230389144,
        "hits_at_5": 0.011073854926053535,
        "hits_at_10": 0.02116648913155093,
        "hits_at_20": 0.05723279226638848
      },
      "micro_minus_macro_gap": {
        "mrr": 0.009924491188368512,
        "hits_at_1": 0.003982954947367145,
        "hits_at_3": 0.010769248173572958,
        "hits_at_5": 0.016919254462404693,
        "hits_at_10": 0.02749845488223029,
        "hits_at_20": 0.025454546234903515
      }
    },
    "both_mrr_ci95": [
      0.0225713576120142,
      0.030837300414065155
    ],
    "protocol": "full ranking over same-type candidate pool, filtered (train+valid+test), realistic rank; tail grouped by head, head grouped by tail",
    "both_mean_reciprocal_rank": 0.026620855895587346,
    "both_hits_at_1": 0.00818260120585702,
    "both_hits_at_3": 0.020241171403962102,
    "both_hits_at_5": 0.027993109388458226,
    "both_hits_at_10": 0.04866494401378122,
    "both_hits_at_20": 0.082687338501292
  },
  "num_test_eval": 1161,
  "num_test_oov": 2,
  "hardneg_auroc": {
    "num_pos": 1161,
    "num_neg": 11630,
    "prevalence_floor": 0.09076694550856071,
    "auprc": 0.04755715740651955,
    "auprc_ci95": [
      0.04747037117747914,
      0.04774668738595285
    ],
    "auprc_over_floor": 0.5239479762160134,
    "auroc": 0.01414915685546972,
    "auroc_ci95": [
      0.011871828811554663,
      0.01681721919684086
    ],
    "auroc_floor": 0.5,
    "fpr_at_median_pos": 0.9901977644024076,
    "scoring_relation": "structural",
    "neg_ratio": 10
  },
  "chemical_class_stratification": "TODO (needs ChEBI/ClassyFire, see split dir)",
  "early_stopping": null,
  "elapsed_sec": 242.0
}