{
  "task": "task4",
  "model": "PairRE",
  "setting": "C",
  "seed": 42,
  "model_type": "kge",
  "num_train": 3679906,
  "ranking": {
    "tail": {
      "micro": {
        "mrr": 0.02634617907588211,
        "mean_rank": 410.7097329888028,
        "n": 1161,
        "hits_at_1": 0.008613264427217916,
        "hits_at_3": 0.01636520241171404,
        "hits_at_5": 0.025839793281653745,
        "hits_at_10": 0.04478897502153316,
        "hits_at_20": 0.08957795004306632
      },
      "macro": {
        "mrr": 0.024892429662003467,
        "n_groups": 117,
        "hits_at_1": 0.004876184813227457,
        "hits_at_3": 0.012475063799228416,
        "hits_at_5": 0.028694090247629634,
        "hits_at_10": 0.055200109710681164,
        "hits_at_20": 0.08606812149533234
      },
      "micro_minus_macro_gap": {
        "mrr": 0.0014537494138786439,
        "hits_at_1": 0.003737079613990459,
        "hits_at_3": 0.0038901386124856243,
        "hits_at_5": -0.0028542969659758888,
        "hits_at_10": -0.010411134689148005,
        "hits_at_20": 0.003509828547733976
      }
    },
    "head": {
      "micro": {
        "mrr": 0.002847574193197606,
        "mean_rank": 380.55986218776917,
        "n": 1161,
        "hits_at_1": 0.0,
        "hits_at_3": 0.0,
        "hits_at_5": 0.0,
        "hits_at_10": 0.0,
        "hits_at_20": 0.0
      },
      "macro": {
        "mrr": 0.0027841328338201114,
        "n_groups": 608,
        "hits_at_1": 0.0,
        "hits_at_3": 0.0,
        "hits_at_5": 0.0,
        "hits_at_10": 0.0,
        "hits_at_20": 0.0
      },
      "micro_minus_macro_gap": {
        "mrr": 6.34413593774948e-05,
        "hits_at_1": 0.0,
        "hits_at_3": 0.0,
        "hits_at_5": 0.0,
        "hits_at_10": 0.0,
        "hits_at_20": 0.0
      }
    },
    "both": {
      "micro": {
        "mrr": 0.014596876634539858,
        "mean_rank": 395.63479758828595,
        "n": 2322,
        "hits_at_1": 0.004306632213608958,
        "hits_at_3": 0.00818260120585702,
        "hits_at_5": 0.012919896640826873,
        "hits_at_10": 0.02239448751076658,
        "hits_at_20": 0.04478897502153316
      },
      "macro": {
        "mrr": 0.006351954528851081,
        "n_groups": 725,
        "hits_at_1": 0.0007869153422725689,
        "hits_at_3": 0.0020132171924272064,
        "hits_at_5": 0.004630632495134714,
        "hits_at_10": 0.008908155636068546,
        "hits_at_20": 0.013889614089591563
      },
      "micro_minus_macro_gap": {
        "mrr": 0.008244922105688777,
        "hits_at_1": 0.0035197168713363893,
        "hits_at_3": 0.006169384013429814,
        "hits_at_5": 0.008289264145692159,
        "hits_at_10": 0.013486331874698033,
        "hits_at_20": 0.030899360931941594
      }
    },
    "both_mrr_ci95": [
      0.011748343067461553,
      0.017955533898112698
    ],
    "protocol": "full ranking over same-type candidate pool, filtered (train+valid+test), realistic rank; tail grouped by head, head grouped by tail",
    "both_mean_reciprocal_rank": 0.014596876634539858,
    "both_hits_at_1": 0.004306632213608958,
    "both_hits_at_3": 0.00818260120585702,
    "both_hits_at_5": 0.012919896640826873,
    "both_hits_at_10": 0.02239448751076658,
    "both_hits_at_20": 0.04478897502153316
  },
  "num_test_eval": 1161,
  "num_test_oov": 2,
  "hardneg_auroc": {
    "num_pos": 1161,
    "num_neg": 11630,
    "prevalence_floor": 0.09076694550856071,
    "auprc": 0.21584727259887318,
    "auprc_ci95": [
      0.20409843375294512,
      0.23017515088234242
    ],
    "auprc_over_floor": 2.378038297857181,
    "auroc": 0.7551100431551949,
    "auroc_ci95": [
      0.73941509139466,
      0.7707827461427312
    ],
    "auroc_floor": 0.5,
    "fpr_at_median_pos": 0.13422184006878762,
    "scoring_relation": "treats_disease",
    "neg_ratio": 10
  },
  "chemical_class_stratification": "TODO (needs ChEBI/ClassyFire, see split dir)",
  "early_stopping": {
    "stopped_early": true,
    "best_epoch": 55,
    "best_metric": 0.016035091131925583
  },
  "elapsed_sec": 2333.4
}