{
  "task": "task4",
  "model": "PairRE",
  "setting": "A",
  "seed": 42,
  "model_type": "kge",
  "num_train": 3685604,
  "ranking": {
    "tail": {
      "micro": {
        "mrr": 0.038612917224346045,
        "mean_rank": 355.38632750397454,
        "n": 629,
        "hits_at_1": 0.011128775834658187,
        "hits_at_3": 0.03179650238473768,
        "hits_at_5": 0.0492845786963434,
        "hits_at_10": 0.0794912559618442,
        "hits_at_20": 0.14626391096979333
      },
      "macro": {
        "mrr": 0.03452433660479311,
        "n_groups": 265,
        "hits_at_1": 0.008277697145621673,
        "hits_at_3": 0.026992881332503972,
        "hits_at_5": 0.04334671617690485,
        "hits_at_10": 0.08013088896551715,
        "hits_at_20": 0.1412764550777869
      },
      "micro_minus_macro_gap": {
        "mrr": 0.004088580619552938,
        "hits_at_1": 0.0028510786890365136,
        "hits_at_3": 0.0048036210522337044,
        "hits_at_5": 0.00593786251943855,
        "hits_at_10": -0.0006396330036729514,
        "hits_at_20": 0.004987455892006415
      }
    },
    "head": {
      "micro": {
        "mrr": 0.07191254639271369,
        "mean_rank": 123.77901430842607,
        "n": 629,
        "hits_at_1": 0.025437201907790145,
        "hits_at_3": 0.06836248012718601,
        "hits_at_5": 0.09062003179650238,
        "hits_at_10": 0.1494435612082671,
        "hits_at_20": 0.23370429252782193
      },
      "macro": {
        "mrr": 0.06695893533659097,
        "n_groups": 392,
        "hits_at_1": 0.019600340136054422,
        "hits_at_3": 0.06279761904761905,
        "hits_at_5": 0.08818027210884352,
        "hits_at_10": 0.14812925170068025,
        "hits_at_20": 0.23759920634920634
      },
      "micro_minus_macro_gap": {
        "mrr": 0.004953611056122714,
        "hits_at_1": 0.005836861771735723,
        "hits_at_3": 0.005564861079566968,
        "hits_at_5": 0.00243975968765886,
        "hits_at_10": 0.0013143095075868472,
        "hits_at_20": -0.003894913821384405
      }
    },
    "both": {
      "micro": {
        "mrr": 0.05526273180852987,
        "mean_rank": 239.58267090620032,
        "n": 1258,
        "hits_at_1": 0.018282988871224166,
        "hits_at_3": 0.050079491255961846,
        "hits_at_5": 0.06995230524642289,
        "hits_at_10": 0.11446740858505565,
        "hits_at_20": 0.18998410174880764
      },
      "macro": {
        "mrr": 0.05387648683746398,
        "n_groups": 657,
        "hits_at_1": 0.015033368458025992,
        "hits_at_3": 0.04835582986267918,
        "hits_at_5": 0.07009672215151667,
        "hits_at_10": 0.12070221041480778,
        "hits_at_20": 0.19874756390335224
      },
      "micro_minus_macro_gap": {
        "mrr": 0.0013862449710658892,
        "hits_at_1": 0.0032496204131981735,
        "hits_at_3": 0.0017236613932826647,
        "hits_at_5": -0.00014441690509378602,
        "hits_at_10": -0.006234801829752126,
        "hits_at_20": -0.008763462154544599
      }
    },
    "both_mrr_ci95": [
      0.0470997513036865,
      0.0649677285892476
    ],
    "protocol": "full ranking over same-type candidate pool, filtered (train+valid+test), realistic rank; tail grouped by head, head grouped by tail",
    "both_mean_reciprocal_rank": 0.05526273180852987,
    "both_hits_at_1": 0.018282988871224166,
    "both_hits_at_3": 0.050079491255961846,
    "both_hits_at_5": 0.06995230524642289,
    "both_hits_at_10": 0.11446740858505565,
    "both_hits_at_20": 0.18998410174880764
  },
  "num_test_eval": 629,
  "num_test_oov": 0,
  "hardneg_auroc": {
    "num_pos": 629,
    "num_neg": 6290,
    "prevalence_floor": 0.09090909090909091,
    "auprc": 0.665626370743687,
    "auprc_ci95": [
      0.6288370852777655,
      0.7041342793414263
    ],
    "auprc_over_floor": 7.321890078180557,
    "auroc": 0.9397797498237038,
    "auroc_ci95": [
      0.9288859850217748,
      0.9502672308987187
    ],
    "auroc_floor": 0.5,
    "fpr_at_median_pos": 0.018441971383147855,
    "scoring_relation": "treats_disease",
    "neg_ratio": 10
  },
  "early_stopping": {
    "stopped_early": true,
    "best_epoch": 40,
    "best_metric": 0.051611918956041336
  },
  "elapsed_sec": 1402.2
}