{
  "task": "task4",
  "model": "Popularity",
  "setting": "B",
  "seed": 42,
  "model_type": "trivial",
  "num_train": 3679941,
  "hardneg_auroc": {
    "num_pos": 6285,
    "num_neg": 62850,
    "prevalence_floor": 0.09090909090909091,
    "auprc": 0.049666236129166916,
    "auprc_ci95": [
      0.049422871691911056,
      0.04998922209452401
    ],
    "auprc_over_floor": 0.5463285974208361,
    "auroc": 0.09953842444126733,
    "auroc_ci95": [
      0.09404380772368452,
      0.10548405511474644
    ],
    "auroc_floor": 0.5,
    "fpr_at_median_pos": 0.9663961813842482,
    "scoring_relation": "structural",
    "neg_ratio": 10
  },
  "early_stopping": null,
  "elapsed_sec": 30.0
}