{
  "task": "task4",
  "model": "Popularity",
  "setting": "A",
  "seed": 42,
  "model_type": "trivial",
  "num_train": 3685604,
  "ranking": {
    "tail": {
      "micro": {
        "mrr": 0.015271556110059871,
        "mean_rank": 380.6327503974563,
        "n": 629,
        "hits_at_1": 0.001589825119236884,
        "hits_at_3": 0.003179650238473768,
        "hits_at_5": 0.014308426073131956,
        "hits_at_10": 0.03656597774244833,
        "hits_at_20": 0.06677265500794913
      },
      "macro": {
        "mrr": 0.014952337603081067,
        "n_groups": 265,
        "hits_at_1": 0.0004192872117400419,
        "hits_at_3": 0.0041928721174004195,
        "hits_at_5": 0.01580113806528901,
        "hits_at_10": 0.033474934856732856,
        "hits_at_20": 0.07230727282336605
      },
      "micro_minus_macro_gap": {
        "mrr": 0.000319218506978804,
        "hits_at_1": 0.0011705379074968421,
        "hits_at_3": -0.0010132218789266514,
        "hits_at_5": -0.0014927119921570534,
        "hits_at_10": 0.0030910428857154754,
        "hits_at_20": -0.00553461781541692
      }
    },
    "head": {
      "micro": {
        "mrr": 0.023977997231226365,
        "mean_rank": 171.09300476947536,
        "n": 629,
        "hits_at_1": 0.006359300476947536,
        "hits_at_3": 0.025437201907790145,
        "hits_at_5": 0.02702702702702703,
        "hits_at_10": 0.030206677265500796,
        "hits_at_20": 0.034976152623211444
      },
      "macro": {
        "mrr": 0.022554066863892566,
        "n_groups": 392,
        "hits_at_1": 0.006377551020408163,
        "hits_at_3": 0.02304421768707483,
        "hits_at_5": 0.023894557823129253,
        "hits_at_10": 0.02687074829931973,
        "hits_at_20": 0.030484693877551018
      },
      "micro_minus_macro_gap": {
        "mrr": 0.0014239303673337991,
        "hits_at_1": -1.8250543460627232e-05,
        "hits_at_3": 0.002392984220715315,
        "hits_at_5": 0.003132469203897776,
        "hits_at_10": 0.0033359289661810676,
        "hits_at_20": 0.004491458745660426
      }
    },
    "both": {
      "micro": {
        "mrr": 0.019624776670643117,
        "mean_rank": 275.86287758346583,
        "n": 1258,
        "hits_at_1": 0.00397456279809221,
        "hits_at_3": 0.014308426073131956,
        "hits_at_5": 0.02066772655007949,
        "hits_at_10": 0.033386327503974564,
        "hits_at_20": 0.05087440381558029
      },
      "macro": {
        "mrr": 0.019487920358390216,
        "n_groups": 657,
        "hits_at_1": 0.003974293928631828,
        "hits_at_3": 0.015440554709961102,
        "hits_at_5": 0.020630088666618345,
        "hits_at_10": 0.029534537397819697,
        "hits_at_20": 0.04735377062129681
      },
      "micro_minus_macro_gap": {
        "mrr": 0.0001368563122529018,
        "hits_at_1": 2.6886946038161275e-07,
        "hits_at_3": -0.0011321286368291463,
        "hits_at_5": 3.7637883461144606e-05,
        "hits_at_10": 0.003851790106154867,
        "hits_at_20": 0.0035206331942834804
      }
    },
    "both_mrr_ci95": [
      0.01568992588444181,
      0.024235189588189602
    ],
    "protocol": "full ranking over same-type candidate pool, filtered (train+valid+test), realistic rank; tail grouped by head, head grouped by tail",
    "both_mean_reciprocal_rank": 0.019624776670643117,
    "both_hits_at_1": 0.00397456279809221,
    "both_hits_at_3": 0.014308426073131956,
    "both_hits_at_5": 0.02066772655007949,
    "both_hits_at_10": 0.033386327503974564,
    "both_hits_at_20": 0.05087440381558029
  },
  "num_test_eval": 629,
  "num_test_oov": 0,
  "hardneg_auroc": {
    "num_pos": 629,
    "num_neg": 6290,
    "prevalence_floor": 0.09090909090909091,
    "auprc": 0.05012559244371275,
    "auprc_ci95": [
      0.049447415454793475,
      0.051454535595845216
    ],
    "auprc_over_floor": 0.5513815168808403,
    "auroc": 0.10661534067500587,
    "auroc_ci95": [
      0.09009510515846436,
      0.12428466084152047
    ],
    "auroc_floor": 0.5,
    "fpr_at_median_pos": 0.9639109697933227,
    "scoring_relation": "structural",
    "neg_ratio": 10
  },
  "early_stopping": null,
  "elapsed_sec": 11.2
}