{
  "task": "task4",
  "model": "Popularity",
  "setting": "C",
  "seed": 42,
  "model_type": "trivial",
  "num_train": 3679906,
  "ranking": {
    "tail": {
      "micro": {
        "mrr": 0.01905209796017176,
        "mean_rank": 387.5869939707149,
        "n": 1161,
        "hits_at_1": 0.006029285099052541,
        "hits_at_3": 0.01119724375538329,
        "hits_at_5": 0.015503875968992248,
        "hits_at_10": 0.03273040482342808,
        "hits_at_20": 0.06287683031869079
      },
      "macro": {
        "mrr": 0.016229652625858442,
        "n_groups": 117,
        "hits_at_1": 0.0035770960877249346,
        "hits_at_3": 0.005753762108204342,
        "hits_at_5": 0.007898467057655786,
        "hits_at_10": 0.02020064463417181,
        "hits_at_20": 0.07947114979880734
      },
      "micro_minus_macro_gap": {
        "mrr": 0.0028224453343133164,
        "hits_at_1": 0.0024521890113276064,
        "hits_at_3": 0.005443481647178948,
        "hits_at_5": 0.007605408911336462,
        "hits_at_10": 0.012529760189256271,
        "hits_at_20": -0.016594319480116554
      }
    },
    "head": {
      "micro": {
        "mrr": 0.007963326917541804,
        "mean_rank": 266.015503875969,
        "n": 1161,
        "hits_at_1": 0.0,
        "hits_at_3": 0.0008613264427217916,
        "hits_at_5": 0.0017226528854435831,
        "hits_at_10": 0.00516795865633075,
        "hits_at_20": 0.012058570198105082
      },
      "macro": {
        "mrr": 0.007882581946250864,
        "n_groups": 608,
        "hits_at_1": 0.0,
        "hits_at_3": 0.0003289473684210526,
        "hits_at_5": 0.001973684210526316,
        "hits_at_10": 0.0057976973684210524,
        "hits_at_20": 0.01415844298245614
      },
      "micro_minus_macro_gap": {
        "mrr": 8.074497129094069e-05,
        "hits_at_1": 0.0,
        "hits_at_3": 0.0005323790743007389,
        "hits_at_5": -0.00025103132508273274,
        "hits_at_10": -0.0006297387120903029,
        "hits_at_20": -0.0020998727843510572
      }
    },
    "both": {
      "micro": {
        "mrr": 0.013507712438856782,
        "mean_rank": 326.801248923342,
        "n": 2322,
        "hits_at_1": 0.0030146425495262705,
        "hits_at_3": 0.006029285099052541,
        "hits_at_5": 0.008613264427217916,
        "hits_at_10": 0.018949181739879414,
        "hits_at_20": 0.037467700258397935
      },
      "macro": {
        "mrr": 0.009229626455925464,
        "n_groups": 725,
        "hits_at_1": 0.0005772692996742308,
        "hits_at_3": 0.0012044002298757352,
        "hits_at_5": 0.002929821580338934,
        "hits_at_10": 0.00812203506510083,
        "hits_at_20": 0.02469856256523282
      },
      "micro_minus_macro_gap": {
        "mrr": 0.004278085982931319,
        "hits_at_1": 0.0024373732498520397,
        "hits_at_3": 0.004824884869176806,
        "hits_at_5": 0.005683442846878982,
        "hits_at_10": 0.010827146674778583,
        "hits_at_20": 0.012769137693165115
      }
    },
    "both_mrr_ci95": [
      0.011055143565887274,
      0.016316642614005398
    ],
    "protocol": "full ranking over same-type candidate pool, filtered (train+valid+test), realistic rank; tail grouped by head, head grouped by tail",
    "both_mean_reciprocal_rank": 0.013507712438856782,
    "both_hits_at_1": 0.0030146425495262705,
    "both_hits_at_3": 0.006029285099052541,
    "both_hits_at_5": 0.008613264427217916,
    "both_hits_at_10": 0.018949181739879414,
    "both_hits_at_20": 0.037467700258397935
  },
  "num_test_eval": 1161,
  "num_test_oov": 2,
  "hardneg_auroc": {
    "num_pos": 1163,
    "num_neg": 11630,
    "prevalence_floor": 0.09090909090909091,
    "auprc": 0.050160624355132945,
    "auprc_ci95": [
      0.049506805872819366,
      0.05130391335161772
    ],
    "auprc_over_floor": 0.5517668679064623,
    "auroc": 0.10245769347072127,
    "auroc_ci95": [
      0.09066427479855002,
      0.11506899832836623
    ],
    "auroc_floor": 0.5,
    "fpr_at_median_pos": 0.9641444539982803,
    "scoring_relation": "structural",
    "neg_ratio": 10
  },
  "chemical_class_stratification": "TODO (needs ChEBI/ClassyFire, see split dir)",
  "early_stopping": null,
  "elapsed_sec": 18.1
}