{
  "task": "task4",
  "model": "RA",
  "setting": "A",
  "seed": 42,
  "model_type": "structural",
  "num_train": 3685604,
  "ranking": {
    "tail": {
      "micro": {
        "mrr": 0.04925195650270691,
        "mean_rank": 327.0818759936407,
        "n": 629,
        "hits_at_1": 0.014308426073131956,
        "hits_at_3": 0.046104928457869634,
        "hits_at_5": 0.06677265500794913,
        "hits_at_10": 0.10810810810810811,
        "hits_at_20": 0.1685214626391097
      },
      "macro": {
        "mrr": 0.042132163221658865,
        "n_groups": 265,
        "hits_at_1": 0.01029190934851312,
        "hits_at_3": 0.03395330714420614,
        "hits_at_5": 0.0511894949297835,
        "hits_at_10": 0.09553360993427586,
        "hits_at_20": 0.1770939573436799
      },
      "micro_minus_macro_gap": {
        "mrr": 0.007119793281048045,
        "hits_at_1": 0.004016516724618837,
        "hits_at_3": 0.012151621313663492,
        "hits_at_5": 0.015583160078165625,
        "hits_at_10": 0.012574498173832258,
        "hits_at_20": -0.008572494704570194
      }
    },
    "head": {
      "micro": {
        "mrr": 0.06091554045374994,
        "mean_rank": 149.94197138314786,
        "n": 629,
        "hits_at_1": 0.02066772655007949,
        "hits_at_3": 0.04769475357710652,
        "hits_at_5": 0.06677265500794913,
        "hits_at_10": 0.1271860095389507,
        "hits_at_20": 0.21303656597774245
      },
      "macro": {
        "mrr": 0.06442336580038953,
        "n_groups": 392,
        "hits_at_1": 0.020833333333333332,
        "hits_at_3": 0.05068027210884354,
        "hits_at_5": 0.07406462585034013,
        "hits_at_10": 0.13749999999999998,
        "hits_at_20": 0.22893990929705213
      },
      "micro_minus_macro_gap": {
        "mrr": -0.003507825346639591,
        "hits_at_1": -0.00016560678325384243,
        "hits_at_3": -0.002985518531737015,
        "hits_at_5": -0.007291970842390999,
        "hits_at_10": -0.010313990461049277,
        "hits_at_20": -0.015903343319309676
      }
    },
    "both": {
      "micro": {
        "mrr": 0.05508374847822842,
        "mean_rank": 238.5119236883943,
        "n": 1258,
        "hits_at_1": 0.017488076311605722,
        "hits_at_3": 0.04689984101748808,
        "hits_at_5": 0.06677265500794913,
        "hits_at_10": 0.11764705882352941,
        "hits_at_20": 0.1907790143084261
      },
      "macro": {
        "mrr": 0.05543224147259102,
        "n_groups": 657,
        "hits_at_1": 0.016581465211602198,
        "hits_at_3": 0.04393347497698827,
        "hits_at_5": 0.06483797487020693,
        "hits_at_10": 0.12057291724898493,
        "hits_at_20": 0.2080279195441699
      },
      "micro_minus_macro_gap": {
        "mrr": -0.000348492994362605,
        "hits_at_1": 0.0009066111000035244,
        "hits_at_3": 0.00296636604049981,
        "hits_at_5": 0.0019346801377422007,
        "hits_at_10": -0.0029258584254555214,
        "hits_at_20": -0.017248905235743822
      }
    },
    "both_mrr_ci95": [
      0.04683148008388858,
      0.06367975575759975
    ],
    "protocol": "full ranking over same-type candidate pool, filtered (train+valid+test), realistic rank; tail grouped by head, head grouped by tail",
    "both_mean_reciprocal_rank": 0.05508374847822842,
    "both_hits_at_1": 0.017488076311605722,
    "both_hits_at_3": 0.04689984101748808,
    "both_hits_at_5": 0.06677265500794913,
    "both_hits_at_10": 0.11764705882352941,
    "both_hits_at_20": 0.1907790143084261
  },
  "num_test_eval": 629,
  "num_test_oov": 0,
  "hardneg_auroc": {
    "num_pos": 629,
    "num_neg": 6290,
    "prevalence_floor": 0.09090909090909091,
    "auprc": 0.25120537444924707,
    "auprc_ci95": [
      0.22502748846077614,
      0.28287391469962825
    ],
    "auprc_over_floor": 2.7632591189417175,
    "auroc": 0.696589711379761,
    "auroc_ci95": [
      0.6703061519154991,
      0.7223906078995856
    ],
    "auroc_floor": 0.5,
    "fpr_at_median_pos": 0.10047694753577106,
    "scoring_relation": "structural",
    "neg_ratio": 10
  },
  "early_stopping": null,
  "elapsed_sec": 24.3
}