{
  "task": "task4",
  "model": "RA",
  "setting": "B",
  "seed": 42,
  "model_type": "structural",
  "num_train": 3679941,
  "hardneg_auroc": {
    "num_pos": 6279,
    "num_neg": 62850,
    "prevalence_floor": 0.09083018704161784,
    "auprc": 0.19037335948449047,
    "auprc_ci95": [
      0.1832926156318596,
      0.19829469418924237
    ],
    "auprc_over_floor": 2.0959260977549516,
    "auroc": 0.5973655843885168,
    "auroc_ci95": [
      0.5884464026772577,
      0.606784304122428
    ],
    "auroc_floor": 0.5,
    "fpr_at_median_pos": 0.2045505171042164,
    "scoring_relation": "structural",
    "neg_ratio": 10
  },
  "early_stopping": null,
  "elapsed_sec": 254.2
}