{
  "task": "task4",
  "model": "RA",
  "setting": "C",
  "seed": 42,
  "model_type": "structural",
  "num_train": 3679906,
  "ranking": {
    "tail": {
      "micro": {
        "mrr": 0.04214748740322484,
        "mean_rank": 425.0826873385013,
        "n": 1161,
        "hits_at_1": 0.015503875968992248,
        "hits_at_3": 0.041343669250646,
        "hits_at_5": 0.05426356589147287,
        "hits_at_10": 0.07838070628768304,
        "hits_at_20": 0.12403100775193798
      },
      "macro": {
        "mrr": 0.05302570770806085,
        "n_groups": 117,
        "hits_at_1": 0.020923740449091042,
        "hits_at_3": 0.05819605770901393,
        "hits_at_5": 0.06527024817209877,
        "hits_at_10": 0.08817374328289351,
        "hits_at_20": 0.12711106568787395
      },
      "micro_minus_macro_gap": {
        "mrr": -0.010878220304836012,
        "hits_at_1": -0.005419864480098794,
        "hits_at_3": -0.016852388458367937,
        "hits_at_5": -0.011006682280625901,
        "hits_at_10": -0.009793036995210475,
        "hits_at_20": -0.0030800579359359648
      }
    },
    "head": {
      "micro": {
        "mrr": 0.021228124037163162,
        "mean_rank": 194.2674418604651,
        "n": 1161,
        "hits_at_1": 0.0,
        "hits_at_3": 0.007751937984496124,
        "hits_at_5": 0.012058570198105082,
        "hits_at_10": 0.04565030146425495,
        "hits_at_20": 0.10594315245478036
      },
      "macro": {
        "mrr": 0.020961746927492093,
        "n_groups": 608,
        "hits_at_1": 0.0,
        "hits_at_3": 0.010471491228070175,
        "hits_at_5": 0.015611293859649123,
        "hits_at_10": 0.049431421100828994,
        "hits_at_20": 0.10439434925454662
      },
      "micro_minus_macro_gap": {
        "mrr": 0.00026637710967106903,
        "hits_at_1": 0.0,
        "hits_at_3": -0.002719553243574051,
        "hits_at_5": -0.0035527236615440407,
        "hits_at_10": -0.003781119636574043,
        "hits_at_20": 0.0015488032002337476
      }
    },
    "both": {
      "micro": {
        "mrr": 0.031687805720194,
        "mean_rank": 309.6750645994832,
        "n": 2322,
        "hits_at_1": 0.007751937984496124,
        "hits_at_3": 0.02454780361757106,
        "hits_at_5": 0.03316106804478897,
        "hits_at_10": 0.06201550387596899,
        "hits_at_20": 0.11498708010335917
      },
      "macro": {
        "mrr": 0.026136206805183883,
        "n_groups": 725,
        "hits_at_1": 0.0033766588035084853,
        "hits_at_3": 0.018173248853270756,
        "hits_at_5": 0.02362522165903755,
        "hits_at_10": 0.05568363033572768,
        "hits_at_20": 0.108060357285856
      },
      "micro_minus_macro_gap": {
        "mrr": 0.005551598915010118,
        "hits_at_1": 0.004375279180987639,
        "hits_at_3": 0.006374554764300305,
        "hits_at_5": 0.009535846385751424,
        "hits_at_10": 0.006331873540241312,
        "hits_at_20": 0.0069267228175031725
      }
    },
    "both_mrr_ci95": [
      0.027493160128558087,
      0.03616980490922143
    ],
    "protocol": "full ranking over same-type candidate pool, filtered (train+valid+test), realistic rank; tail grouped by head, head grouped by tail",
    "both_mean_reciprocal_rank": 0.031687805720194,
    "both_hits_at_1": 0.007751937984496124,
    "both_hits_at_3": 0.02454780361757106,
    "both_hits_at_5": 0.03316106804478897,
    "both_hits_at_10": 0.06201550387596899,
    "both_hits_at_20": 0.11498708010335917
  },
  "num_test_eval": 1161,
  "num_test_oov": 2,
  "hardneg_auroc": {
    "num_pos": 1161,
    "num_neg": 11630,
    "prevalence_floor": 0.09076694550856071,
    "auprc": 0.16244858450693594,
    "auprc_ci95": [
      0.15066342705966657,
      0.17711696165016844
    ],
    "auprc_over_floor": 1.7897328548046663,
    "auroc": 0.5616404973030781,
    "auroc_ci95": [
      0.5426127047131517,
      0.5816766528321198
    ],
    "auroc_floor": 0.5,
    "fpr_at_median_pos": 0.3353396388650043,
    "scoring_relation": "structural",
    "neg_ratio": 10
  },
  "chemical_class_stratification": "TODO (needs ChEBI/ClassyFire, see split dir)",
  "early_stopping": null,
  "elapsed_sec": 55.7
}