{
  "task": "task4",
  "model": "Random",
  "setting": "A",
  "seed": 42,
  "model_type": "trivial",
  "num_train": 3685604,
  "ranking": {
    "tail": {
      "micro": {
        "mrr": 0.006007762762945456,
        "mean_rank": 636.5055643879173,
        "n": 629,
        "hits_at_1": 0.0,
        "hits_at_3": 0.003179650238473768,
        "hits_at_5": 0.006359300476947536,
        "hits_at_10": 0.00794912559618442,
        "hits_at_20": 0.012718600953895072
      },
      "macro": {
        "mrr": 0.005455837661165158,
        "n_groups": 265,
        "hits_at_1": 0.0,
        "hits_at_3": 0.001097770154373928,
        "hits_at_5": 0.0039279588336192115,
        "hits_at_10": 0.0058147512864494,
        "hits_at_20": 0.017135506003430532
      },
      "micro_minus_macro_gap": {
        "mrr": 0.0005519251017802977,
        "hits_at_1": 0.0,
        "hits_at_3": 0.0020818800840998403,
        "hits_at_5": 0.0024313416433283247,
        "hits_at_10": 0.0021343743097350194,
        "hits_at_20": -0.0044169050495354596
      }
    },
    "head": {
      "micro": {
        "mrr": 0.012440783622343904,
        "mean_rank": 281.94594594594594,
        "n": 629,
        "hits_at_1": 0.001589825119236884,
        "hits_at_3": 0.006359300476947536,
        "hits_at_5": 0.009538950715421303,
        "hits_at_10": 0.022257551669316374,
        "hits_at_20": 0.03656597774244833
      },
      "macro": {
        "mrr": 0.012497151364974202,
        "n_groups": 392,
        "hits_at_1": 0.002551020408163265,
        "hits_at_3": 0.006590136054421768,
        "hits_at_5": 0.007950680272108842,
        "hits_at_10": 0.018579931972789114,
        "hits_at_20": 0.03176020408163265
      },
      "micro_minus_macro_gap": {
        "mrr": -5.636774263029741e-05,
        "hits_at_1": -0.0009611952889263811,
        "hits_at_3": -0.00023083557747423204,
        "hits_at_5": 0.0015882704433124607,
        "hits_at_10": 0.0036776196965272595,
        "hits_at_20": 0.004805773660815679
      }
    },
    "both": {
      "micro": {
        "mrr": 0.00922427319264468,
        "mean_rank": 459.22575516693166,
        "n": 1258,
        "hits_at_1": 0.000794912559618442,
        "hits_at_3": 0.0047694753577106515,
        "hits_at_5": 0.00794912559618442,
        "hits_at_10": 0.015103338632750398,
        "hits_at_20": 0.0246422893481717
      },
      "macro": {
        "mrr": 0.00965704766404666,
        "n_groups": 657,
        "hits_at_1": 0.0015220700152207,
        "hits_at_3": 0.004374798210414648,
        "hits_at_5": 0.006328121396614548,
        "hits_at_10": 0.013431114800977815,
        "hits_at_20": 0.025861353258613533
      },
      "micro_minus_macro_gap": {
        "mrr": -0.0004327744714019803,
        "hits_at_1": -0.000727157455602258,
        "hits_at_3": 0.00039467714729600305,
        "hits_at_5": 0.0016210041995698707,
        "hits_at_10": 0.0016722238317725836,
        "hits_at_20": -0.0012190639104418324
      }
    },
    "both_mrr_ci95": [
      0.007183106374166295,
      0.011502497783215332
    ],
    "protocol": "full ranking over same-type candidate pool, filtered (train+valid+test), realistic rank; tail grouped by head, head grouped by tail",
    "both_mean_reciprocal_rank": 0.00922427319264468,
    "both_hits_at_1": 0.000794912559618442,
    "both_hits_at_3": 0.0047694753577106515,
    "both_hits_at_5": 0.00794912559618442,
    "both_hits_at_10": 0.015103338632750398,
    "both_hits_at_20": 0.0246422893481717
  },
  "num_test_eval": 629,
  "num_test_oov": 0,
  "hardneg_auroc": {
    "num_pos": 629,
    "num_neg": 6290,
    "prevalence_floor": 0.09090909090909091,
    "auprc": 0.08522388951487701,
    "auprc_ci95": [
      0.08036322536363856,
      0.09167684751805569
    ],
    "auprc_over_floor": 0.9374627846636471,
    "auroc": 0.4801921438880197,
    "auroc_ci95": [
      0.45752770820011074,
      0.5023759102317505
    ],
    "auroc_floor": 0.5,
    "fpr_at_median_pos": 0.5370429252782194,
    "scoring_relation": "structural",
    "neg_ratio": 10
  },
  "early_stopping": null,
  "elapsed_sec": 7.3
}