{
  "task": "task4",
  "model": "Random",
  "setting": "C",
  "seed": 42,
  "model_type": "trivial",
  "num_train": 3679906,
  "ranking": {
    "tail": {
      "micro": {
        "mrr": 0.006128641978195474,
        "mean_rank": 662.2937123169681,
        "n": 1161,
        "hits_at_1": 0.0017226528854435831,
        "hits_at_3": 0.0017226528854435831,
        "hits_at_5": 0.002583979328165375,
        "hits_at_10": 0.004306632213608958,
        "hits_at_20": 0.012919896640826873
      },
      "macro": {
        "mrr": 0.006625486502661711,
        "n_groups": 117,
        "hits_at_1": 0.0013039818865061583,
        "hits_at_3": 0.0013039818865061583,
        "hits_at_5": 0.0055774861600104315,
        "hits_at_10": 0.006357570273427878,
        "hits_at_20": 0.019817741624961634
      },
      "micro_minus_macro_gap": {
        "mrr": -0.0004968445244662367,
        "hits_at_1": 0.00041867099893742486,
        "hits_at_3": 0.00041867099893742486,
        "hits_at_5": -0.0029935068318450568,
        "hits_at_10": -0.00205093805981892,
        "hits_at_20": -0.006897844984134762
      }
    },
    "head": {
      "micro": {
        "mrr": 0.014256976057741457,
        "mean_rank": 258.84409991386735,
        "n": 1161,
        "hits_at_1": 0.004306632213608958,
        "hits_at_3": 0.006029285099052541,
        "hits_at_5": 0.007751937984496124,
        "hits_at_10": 0.01808785529715762,
        "hits_at_20": 0.034453057708871665
      },
      "macro": {
        "mrr": 0.016049876819250006,
        "n_groups": 608,
        "hits_at_1": 0.005962171052631579,
        "hits_at_3": 0.008018092105263159,
        "hits_at_5": 0.008458646616541353,
        "hits_at_10": 0.021054589598997496,
        "hits_at_20": 0.03801104323308271
      },
      "micro_minus_macro_gap": {
        "mrr": -0.001792900761508549,
        "hits_at_1": -0.0016555388390226211,
        "hits_at_3": -0.0019888070062106175,
        "hits_at_5": -0.000706708632045229,
        "hits_at_10": -0.0029667343018398747,
        "hits_at_20": -0.0035579855242110422
      }
    },
    "both": {
      "micro": {
        "mrr": 0.010192809017968464,
        "mean_rank": 460.56890611541775,
        "n": 2322,
        "hits_at_1": 0.0030146425495262705,
        "hits_at_3": 0.003875968992248062,
        "hits_at_5": 0.00516795865633075,
        "hits_at_10": 0.01119724375538329,
        "hits_at_20": 0.023686477174849268
      },
      "macro": {
        "mrr": 0.014528975209538515,
        "n_groups": 725,
        "hits_at_1": 0.005210435697546511,
        "hits_at_3": 0.006934573628580994,
        "hits_at_5": 0.007993686929073604,
        "hits_at_10": 0.018682794756112467,
        "hits_at_20": 0.035075020766668685
      },
      "micro_minus_macro_gap": {
        "mrr": -0.00433616619157005,
        "hits_at_1": -0.0021957931480202407,
        "hits_at_3": -0.003058604636332932,
        "hits_at_5": -0.002825728272742855,
        "hits_at_10": -0.007485551000729177,
        "hits_at_20": -0.011388543591819417
      }
    },
    "both_mrr_ci95": [
      0.008146238415326452,
      0.01293027250911292
    ],
    "protocol": "full ranking over same-type candidate pool, filtered (train+valid+test), realistic rank; tail grouped by head, head grouped by tail",
    "both_mean_reciprocal_rank": 0.010192809017968464,
    "both_hits_at_1": 0.0030146425495262705,
    "both_hits_at_3": 0.003875968992248062,
    "both_hits_at_5": 0.00516795865633075,
    "both_hits_at_10": 0.01119724375538329,
    "both_hits_at_20": 0.023686477174849268
  },
  "num_test_eval": 1161,
  "num_test_oov": 2,
  "hardneg_auroc": {
    "num_pos": 1163,
    "num_neg": 11630,
    "prevalence_floor": 0.09090909090909091,
    "auprc": 0.08757253090683503,
    "auprc_ci95": [
      0.08397724111143577,
      0.09256288072144461
    ],
    "auprc_over_floor": 0.9632978399751854,
    "auroc": 0.4938533265216044,
    "auroc_ci95": [
      0.47613920251018615,
      0.5117204796945664
    ],
    "auroc_floor": 0.5,
    "fpr_at_median_pos": 0.5030954428202924,
    "scoring_relation": "structural",
    "neg_ratio": 10
  },
  "chemical_class_stratification": "TODO (needs ChEBI/ClassyFire, see split dir)",
  "early_stopping": null,
  "elapsed_sec": 12.8
}