{
  "task": "task4",
  "model": "Random",
  "setting": "B",
  "seed": 42,
  "model_type": "trivial",
  "num_train": 3679941,
  "hardneg_auroc": {
    "num_pos": 6285,
    "num_neg": 62850,
    "prevalence_floor": 0.09090909090909091,
    "auprc": 0.09041368973304019,
    "auprc_ci95": [
      0.08852860790289825,
      0.09252175283013286
    ],
    "auprc_over_floor": 0.994550587063442,
    "auroc": 0.49653164933492566,
    "auroc_ci95": [
      0.4892193206666375,
      0.5028657528342475
    ],
    "auroc_floor": 0.5,
    "fpr_at_median_pos": 0.5031026252983294,
    "scoring_relation": "structural",
    "neg_ratio": 10
  },
  "early_stopping": null,
  "elapsed_sec": 32.8
}