{
  "task": "task4",
  "model": "RotatE",
  "setting": "B",
  "seed": 42,
  "model_type": "kge",
  "num_train": 3679941,
  "hardneg_auroc": {
    "num_pos": 6279,
    "num_neg": 62850,
    "prevalence_floor": 0.09083018704161784,
    "auprc": 0.2024575522600686,
    "auprc_ci95": [
      0.19845902066036455,
      0.20691727632368478
    ],
    "auprc_over_floor": 2.2289676907447493,
    "auroc": 0.7717935553890727,
    "auroc_ci95": [
      0.7659014934744155,
      0.7777580979862032
    ],
    "auroc_floor": 0.5,
    "fpr_at_median_pos": 0.1313285600636436,
    "scoring_relation": "associated_with_disease",
    "neg_ratio": 10
  },
  "early_stopping": {
    "stopped_early": false,
    "best_epoch": 195,
    "best_metric": 0.7763892412185669
  },
  "elapsed_sec": 4856.5
}