{
  "task": "task4",
  "model": "RotatE",
  "setting": "A",
  "seed": 42,
  "model_type": "kge",
  "num_train": 3685604,
  "ranking": {
    "tail": {
      "micro": {
        "mrr": 0.07120066976216577,
        "mean_rank": 277.33227344992054,
        "n": 629,
        "hits_at_1": 0.033386327503974564,
        "hits_at_3": 0.058823529411764705,
        "hits_at_5": 0.08108108108108109,
        "hits_at_10": 0.14308426073131955,
        "hits_at_20": 0.2178060413354531
      },
      "macro": {
        "mrr": 0.0648153654815265,
        "n_groups": 265,
        "hits_at_1": 0.027863268806665033,
        "hits_at_3": 0.052313472690831184,
        "hits_at_5": 0.07553599440391894,
        "hits_at_10": 0.13596750517949185,
        "hits_at_20": 0.21596340704553801
      },
      "micro_minus_macro_gap": {
        "mrr": 0.00638530428063927,
        "hits_at_1": 0.00552305869730953,
        "hits_at_3": 0.006510056720933521,
        "hits_at_5": 0.00554508667716215,
        "hits_at_10": 0.007116755551827697,
        "hits_at_20": 0.0018426342899150738
      }
    },
    "head": {
      "micro": {
        "mrr": 0.10322480535037187,
        "mean_rank": 108.93799682034977,
        "n": 629,
        "hits_at_1": 0.04451510333863275,
        "hits_at_3": 0.0985691573926868,
        "hits_at_5": 0.14467408585055644,
        "hits_at_10": 0.21303656597774245,
        "hits_at_20": 0.3195548489666137
      },
      "macro": {
        "mrr": 0.10958019415363751,
        "n_groups": 392,
        "hits_at_1": 0.0494047619047619,
        "hits_at_3": 0.10837585034013605,
        "hits_at_5": 0.15756802721088436,
        "hits_at_10": 0.21740362811791386,
        "hits_at_20": 0.3213577097505669
      },
      "micro_minus_macro_gap": {
        "mrr": -0.006355388803265638,
        "hits_at_1": -0.0048896585661291556,
        "hits_at_3": -0.00980669294744925,
        "hits_at_5": -0.012893941360327926,
        "hits_at_10": -0.004367062140171407,
        "hits_at_20": -0.0018028607839531974
      }
    },
    "both": {
      "micro": {
        "mrr": 0.08721273755626881,
        "mean_rank": 193.13513513513513,
        "n": 1258,
        "hits_at_1": 0.038950715421303655,
        "hits_at_3": 0.07869634340222575,
        "hits_at_5": 0.11287758346581876,
        "hits_at_10": 0.178060413354531,
        "hits_at_20": 0.2686804451510334
      },
      "macro": {
        "mrr": 0.09152436523718481,
        "n_groups": 657,
        "hits_at_1": 0.040716031811922224,
        "hits_at_3": 0.08576317137960973,
        "hits_at_5": 0.12448052539376742,
        "hits_at_10": 0.18455648568460817,
        "hits_at_20": 0.27884707015112603
      },
      "micro_minus_macro_gap": {
        "mrr": -0.004311627680916003,
        "hits_at_1": -0.0017653163906185682,
        "hits_at_3": -0.007066827977383977,
        "hits_at_5": -0.011602941927948654,
        "hits_at_10": -0.0064960723300771794,
        "hits_at_20": -0.010166625000092633
      }
    },
    "both_mrr_ci95": [
      0.07644538305380928,
      0.09908307507566753
    ],
    "protocol": "full ranking over same-type candidate pool, filtered (train+valid+test), realistic rank; tail grouped by head, head grouped by tail",
    "both_mean_reciprocal_rank": 0.08721273755626881,
    "both_hits_at_1": 0.038950715421303655,
    "both_hits_at_3": 0.07869634340222575,
    "both_hits_at_5": 0.11287758346581876,
    "both_hits_at_10": 0.178060413354531,
    "both_hits_at_20": 0.2686804451510334
  },
  "num_test_eval": 629,
  "num_test_oov": 0,
  "hardneg_auroc": {
    "num_pos": 629,
    "num_neg": 6290,
    "prevalence_floor": 0.09090909090909091,
    "auprc": 0.540055332280168,
    "auprc_ci95": [
      0.5030649841184393,
      0.5806614633752398
    ],
    "auprc_over_floor": 5.9406086550818475,
    "auroc": 0.8656549750910548,
    "auroc_ci95": [
      0.8489365485376895,
      0.8821607783318716
    ],
    "auroc_floor": 0.5,
    "fpr_at_median_pos": 0.042289348171701116,
    "scoring_relation": "treats_disease",
    "neg_ratio": 10
  },
  "early_stopping": {
    "stopped_early": true,
    "best_epoch": 90,
    "best_metric": 0.07098043709993362
  },
  "elapsed_sec": 1939.7
}