{
  "task": "task4",
  "model": "TransE",
  "setting": "A",
  "seed": 42,
  "model_type": "kge",
  "num_train": 3685604,
  "ranking": {
    "tail": {
      "micro": {
        "mrr": 0.04141236765014442,
        "mean_rank": 336.0,
        "n": 629,
        "hits_at_1": 0.01589825119236884,
        "hits_at_3": 0.02702702702702703,
        "hits_at_5": 0.04451510333863275,
        "hits_at_10": 0.08585055643879173,
        "hits_at_20": 0.1478537360890302
      },
      "macro": {
        "mrr": 0.036844023293249,
        "n_groups": 265,
        "hits_at_1": 0.012569401248646531,
        "hits_at_3": 0.020846183659724172,
        "hits_at_5": 0.03984715124559742,
        "hits_at_10": 0.08755974571734838,
        "hits_at_20": 0.13842218516469348
      },
      "micro_minus_macro_gap": {
        "mrr": 0.004568344356895425,
        "hits_at_1": 0.003328849943722307,
        "hits_at_3": 0.006180843367302857,
        "hits_at_5": 0.0046679520930353255,
        "hits_at_10": -0.0017091892785566498,
        "hits_at_20": 0.009431550924336729
      }
    },
    "head": {
      "micro": {
        "mrr": 0.0773271506781134,
        "mean_rank": 118.85850556438791,
        "n": 629,
        "hits_at_1": 0.033386327503974564,
        "hits_at_3": 0.06995230524642289,
        "hits_at_5": 0.08426073131955485,
        "hits_at_10": 0.16057233704292528,
        "hits_at_20": 0.25119236883942764
      },
      "macro": {
        "mrr": 0.08229473392189617,
        "n_groups": 392,
        "hits_at_1": 0.03694727891156463,
        "hits_at_3": 0.07899659863945578,
        "hits_at_5": 0.08928571428571429,
        "hits_at_10": 0.1570578231292517,
        "hits_at_20": 0.2550736961451247
      },
      "micro_minus_macro_gap": {
        "mrr": -0.004967583243782769,
        "hits_at_1": -0.0035609514075900656,
        "hits_at_3": -0.009044293393032893,
        "hits_at_5": -0.005024982966159441,
        "hits_at_10": 0.003514513913673578,
        "hits_at_20": -0.0038813273056970687
      }
    },
    "both": {
      "micro": {
        "mrr": 0.05936975916412891,
        "mean_rank": 227.42925278219397,
        "n": 1258,
        "hits_at_1": 0.0246422893481717,
        "hits_at_3": 0.04848966613672496,
        "hits_at_5": 0.0643879173290938,
        "hits_at_10": 0.1232114467408585,
        "hits_at_20": 0.19952305246422894
      },
      "macro": {
        "mrr": 0.06396225551003697,
        "n_groups": 657,
        "hits_at_1": 0.027114497205821406,
        "hits_at_3": 0.05554171284093389,
        "hits_at_5": 0.06934474136998982,
        "hits_at_10": 0.12902587409705324,
        "hits_at_20": 0.20802247786534653
      },
      "micro_minus_macro_gap": {
        "mrr": -0.004592496345908054,
        "hits_at_1": -0.0024722078576497053,
        "hits_at_3": -0.0070520467042089335,
        "hits_at_5": -0.004956824040896021,
        "hits_at_10": -0.005814427356194737,
        "hits_at_20": -0.008499425401117588
      }
    },
    "both_mrr_ci95": [
      0.05020178061513302,
      0.0686651665771293
    ],
    "protocol": "full ranking over same-type candidate pool, filtered (train+valid+test), realistic rank; tail grouped by head, head grouped by tail",
    "both_mean_reciprocal_rank": 0.05936975916412891,
    "both_hits_at_1": 0.0246422893481717,
    "both_hits_at_3": 0.04848966613672496,
    "both_hits_at_5": 0.0643879173290938,
    "both_hits_at_10": 0.1232114467408585,
    "both_hits_at_20": 0.19952305246422894
  },
  "num_test_eval": 629,
  "num_test_oov": 0,
  "hardneg_auroc": {
    "num_pos": 629,
    "num_neg": 6290,
    "prevalence_floor": 0.09090909090909091,
    "auprc": 0.5500773058323911,
    "auprc_ci95": [
      0.51346426473706,
      0.590627606172296
    ],
    "auprc_over_floor": 6.050850364156302,
    "auroc": 0.910889922935186,
    "auroc_ci95": [
      0.8983239477202818,
      0.9228847553716627
    ],
    "auroc_floor": 0.5,
    "fpr_at_median_pos": 0.03481717011128776,
    "scoring_relation": "treats_disease",
    "neg_ratio": 10
  },
  "early_stopping": {
    "stopped_early": true,
    "best_epoch": 90,
    "best_metric": 0.05871687829494476
  },
  "elapsed_sec": 1395.8
}