{
  "task": "task4",
  "model": "TransE",
  "setting": "C",
  "seed": 42,
  "model_type": "kge",
  "num_train": 3679906,
  "ranking": {
    "tail": {
      "micro": {
        "mrr": 0.03047755173399992,
        "mean_rank": 363.04565030146426,
        "n": 1161,
        "hits_at_1": 0.007751937984496124,
        "hits_at_3": 0.02239448751076658,
        "hits_at_5": 0.03273040482342808,
        "hits_at_10": 0.06459948320413436,
        "hits_at_20": 0.11627906976744186
      },
      "macro": {
        "mrr": 0.03364542945353477,
        "n_groups": 117,
        "hits_at_1": 0.012548759152468465,
        "hits_at_3": 0.020759157768641782,
        "hits_at_5": 0.029082743135309234,
        "hits_at_10": 0.07073767572469725,
        "hits_at_20": 0.126653849347501
      },
      "micro_minus_macro_gap": {
        "mrr": -0.0031678777195348513,
        "hits_at_1": -0.004796821167972341,
        "hits_at_3": 0.001635329742124797,
        "hits_at_5": 0.0036476616881188466,
        "hits_at_10": -0.006138192520562885,
        "hits_at_20": -0.010374779580059154
      }
    },
    "head": {
      "micro": {
        "mrr": 0.004684321146970036,
        "mean_rank": 314.83118001722653,
        "n": 1161,
        "hits_at_1": 0.0,
        "hits_at_3": 0.0,
        "hits_at_5": 0.0,
        "hits_at_10": 0.0,
        "hits_at_20": 0.002583979328165375
      },
      "macro": {
        "mrr": 0.004254374991504965,
        "n_groups": 608,
        "hits_at_1": 0.0,
        "hits_at_3": 0.0,
        "hits_at_5": 0.0,
        "hits_at_10": 0.0,
        "hits_at_20": 0.001781798245614035
      },
      "micro_minus_macro_gap": {
        "mrr": 0.000429946155465071,
        "hits_at_1": 0.0,
        "hits_at_3": 0.0,
        "hits_at_5": 0.0,
        "hits_at_10": 0.0,
        "hits_at_20": 0.0008021810825513398
      }
    },
    "both": {
      "micro": {
        "mrr": 0.017580936440484977,
        "mean_rank": 338.93841515934537,
        "n": 2322,
        "hits_at_1": 0.003875968992248062,
        "hits_at_3": 0.01119724375538329,
        "hits_at_5": 0.01636520241171404,
        "hits_at_10": 0.03229974160206718,
        "hits_at_20": 0.059431524547803614
      },
      "macro": {
        "mrr": 0.008997483090894601,
        "n_groups": 725,
        "hits_at_1": 0.002025110097708704,
        "hits_at_3": 0.0033500985640428807,
        "hits_at_5": 0.004693353030111973,
        "hits_at_10": 0.011415597323847691,
        "hits_at_20": 0.021933563733780626
      },
      "micro_minus_macro_gap": {
        "mrr": 0.008583453349590375,
        "hits_at_1": 0.0018508588945393579,
        "hits_at_3": 0.007847145191340409,
        "hits_at_5": 0.011671849381602067,
        "hits_at_10": 0.02088414427821949,
        "hits_at_20": 0.037497960814022985
      }
    },
    "both_mrr_ci95": [
      0.014828379764196173,
      0.02065689197763364
    ],
    "protocol": "full ranking over same-type candidate pool, filtered (train+valid+test), realistic rank; tail grouped by head, head grouped by tail",
    "both_mean_reciprocal_rank": 0.017580936440484977,
    "both_hits_at_1": 0.003875968992248062,
    "both_hits_at_3": 0.01119724375538329,
    "both_hits_at_5": 0.01636520241171404,
    "both_hits_at_10": 0.03229974160206718,
    "both_hits_at_20": 0.059431524547803614
  },
  "num_test_eval": 1161,
  "num_test_oov": 2,
  "hardneg_auroc": {
    "num_pos": 1161,
    "num_neg": 11630,
    "prevalence_floor": 0.09076694550856071,
    "auprc": 0.1809278312593821,
    "auprc_ci95": [
      0.16934074308382244,
      0.19441517747272136
    ],
    "auprc_over_floor": 1.9933229023589634,
    "auroc": 0.6696168393392893,
    "auroc_ci95": [
      0.6504503263486646,
      0.6881733565735946
    ],
    "auroc_floor": 0.5,
    "fpr_at_median_pos": 0.2001719690455718,
    "scoring_relation": "treats_disease",
    "neg_ratio": 10
  },
  "chemical_class_stratification": "TODO (needs ChEBI/ClassyFire, see split dir)",
  "early_stopping": {
    "stopped_early": true,
    "best_epoch": 130,
    "best_metric": 0.019695691764354706
  },
  "elapsed_sec": 2766.0
}