{
  "task": "task4",
  "model": "TransE",
  "setting": "B",
  "seed": 42,
  "model_type": "kge",
  "num_train": 3679941,
  "hardneg_auroc": {
    "num_pos": 6279,
    "num_neg": 62850,
    "prevalence_floor": 0.09083018704161784,
    "auprc": 0.24650950044726644,
    "auprc_ci95": [
      0.24115999433441587,
      0.2525060532696492
    ],
    "auprc_over_floor": 2.7139600663193315,
    "auroc": 0.8005503323766269,
    "auroc_ci95": [
      0.7947735233100751,
      0.806706425479332
    ],
    "auroc_floor": 0.5,
    "fpr_at_median_pos": 0.0949085123309467,
    "scoring_relation": "associated_with_disease",
    "neg_ratio": 10
  },
  "early_stopping": {
    "stopped_early": false,
    "best_epoch": 165,
    "best_metric": 0.4550597071647644
  },
  "elapsed_sec": 2439.1
}